[{"model": "auth.user", "fields": {"password": "pbkdf2_sha256$1200000$lcWzOrnpqyuVkKGAtXNXFN$dBoOjraXEPhdtd4AJ6K6KnQphwgZZaYk9C4apo40JEM=", "last_login": null, "is_superuser": true, "username": "admin", "first_name": "", "last_name": "", "email": "admin@example.com", "is_staff": true, "is_active": true, "date_joined": "2026-04-20T01:55:12.017Z", "groups": [], "user_permissions": []}}, {"model": "auth.user", "fields": {"password": "pbkdf2_sha256$1200000$alarOYYRNDBQmU4S6AiOHl$+JYEosbmVinJ+9zyAflNMFJd4ICGcRicpK5mYcq9T6E=", "last_login": null, "is_superuser": false, "username": "chef1", "first_name": "", "last_name": "", "email": "chef1@example.com", "is_staff": false, "is_active": true, "date_joined": "2026-04-20T01:55:13.385Z", "groups": [], "user_permissions": []}}, {"model": "auth.user", "fields": {"password": "pbkdf2_sha256$1200000$snsV17xqikEGHKmRq5gpUQ$7/sMAysKjyIO/MQswLPDC4EqeFzVuu/HvHo4XTynOCc=", "last_login": null, "is_superuser": false, "username": "enc001", "first_name": "", "last_name": "", "email": "m.benali@univ.ma", "is_staff": false, "is_active": true, "date_joined": "2026-04-20T02:38:25.351Z", "groups": [], "user_permissions": []}}, {"model": "auth.user", "fields": {"password": "pbkdf2_sha256$1200000$BTilnXlzwcLJxrHk4SR0IY$mL0IJPGe/2GPaM2yORLVWeuIuUbY6U+6YWC5emp4aEc=", "last_login": null, "is_superuser": false, "username": "enc002", "first_name": "", "last_name": "", "email": "m.chaoui@univ.ma", "is_staff": false, "is_active": true, "date_joined": "2026-04-20T02:38:26.838Z", "groups": [], "user_permissions": []}}, {"model": "auth.user", "fields": {"password": "pbkdf2_sha256$1200000$vTONk9pEudOzmhRcXolBZv$onTA0ue++5ukedCDo/oy1JXzncTCCIcRCSr1TQ1gyZc=", "last_login": null, "is_superuser": false, "username": "enc003", "first_name": "", "last_name": "", "email": "y.idrissi@univ.ma", "is_staff": false, "is_active": true, "date_joined": "2026-04-20T02:38:28.072Z", "groups": [], "user_permissions": []}}, {"model": "auth.user", "fields": {"password": "pbkdf2_sha256$1200000$tksMR8P9UPp6qiUTTrdac3$v9DUgHTFVMei8KDyO8dj0Ojz6mfHU9mVAcvkEmP4pI8=", "last_login": null, "is_superuser": false, "username": "samira.rachidi@univ.ma", "first_name": "", "last_name": "", "email": "samira.rachidi@univ.ma", "is_staff": false, "is_active": true, "date_joined": "2026-04-20T03:10:48.497Z", "groups": [], "user_permissions": []}}, {"model": "auth.user", "fields": {"password": "pbkdf2_sha256$1200000$qW583mc9gGiD9dCPj1QhfO$joFpAk+a2J7rHZwyZL1BRY0fAv5O1QMXvXjKeeJ3xes=", "last_login": null, "is_superuser": false, "username": "youssef.bouazza@univ.ma", "first_name": "", "last_name": "", "email": "youssef.bouazza@univ.ma", "is_staff": false, "is_active": true, "date_joined": "2026-04-20T03:12:24.138Z", "groups": [], "user_permissions": []}}, {"model": "auth.user", "fields": {"password": "pbkdf2_sha256$1200000$20rnPX6fLDlAPUHMLEu9bl$CSlD0CpdIa5iMPU88QQGtDTisD4VUH8BneyIhE59UJo=", "last_login": null, "is_superuser": false, "username": "karim.tazi@univ.ma", "first_name": "", "last_name": "", "email": "karim.tazi@univ.ma", "is_staff": false, "is_active": true, "date_joined": "2026-04-20T03:12:25.074Z", "groups": [], "user_permissions": []}}, {"model": "auth.user", "fields": {"password": "pbkdf2_sha256$1200000$1YGSGx2YDN33mKpxNIUZLu$6dFWxFB12R8tPP7/on7SOBbUWaBZpsKfJfU90ih4i04=", "last_login": null, "is_superuser": false, "username": "fatima.alaoui@univ.ma", "first_name": "", "last_name": "", "email": "fatima.alaoui@univ.ma", "is_staff": false, "is_active": true, "date_joined": "2026-04-20T03:12:26.003Z", "groups": [], "user_permissions": []}}, {"model": "auth.user", "fields": {"password": "pbkdf2_sha256$1200000$FJCD5YtBCU16gpywAYt133$TI9NH7hBtM12Ek6NkHZXHpG7Qbgw9m0YAHfVwGFxZMA=", "last_login": null, "is_superuser": false, "username": "ahmed.bennani@univ.ma", "first_name": "", "last_name": "", "email": "ahmed.bennani@univ.ma", "is_staff": false, "is_active": true, "date_joined": "2026-04-20T03:12:26.961Z", "groups": [], "user_permissions": []}}, {"model": "auth.user", "fields": {"password": "pbkdf2_sha256$1200000$IlnLcSzWn6zp2oQ2jRfGg8$cm/SXIuS5oteWZL8m9hW1jhmaLPgXR2pN3f+JTesbk0=", "last_login": null, "is_superuser": false, "username": "nadia.elkhattabi@univ.ma", "first_name": "", "last_name": "", "email": "nadia.elkhattabi@univ.ma", "is_staff": false, "is_active": true, "date_joined": "2026-04-20T03:12:27.960Z", "groups": [], "user_permissions": []}}, {"model": "enseignants.enseignant", "pk": "47954776", "fields": {"user": null, "role": "enseignant", "departement": null, "cin": "00006363", "nom": "khalfallah", "prenom": "soulef", "email": "soulefkhalfallah@gmail.com", "numtel": "97594414", "grade": "Maître de Conférences", "dateRecrutement": "2024-02-01", "statutAdministratif": "en exercice"}}, {"model": "enseignants.enseignant", "pk": "ADMIN01", "fields": {"user": ["admin"], "role": "admin", "departement": null, "cin": "00000000", "nom": "Admin", "prenom": "Super", "email": "admin123@mail.com", "numtel": "202120222", "grade": "dzndz", "dateRecrutement": "2020-01-15", "statutAdministratif": "dzdz"}}, {"model": "enseignants.enseignant", "pk": "CHEF_1", "fields": {"user": ["ahmed.bennani@univ.ma"], "role": "chef_departement", "departement": 1, "cin": "CIN_1", "nom": "Dr. Ahmed Bennani", "prenom": "Sciences de gestion", "email": "ahmed.bennani@univ.ma", "numtel": "", "grade": "", "dateRecrutement": "2020-01-01", "statutAdministratif": null}}, {"model": "enseignants.enseignant", "pk": "CHEF_5", "fields": {"user": ["youssef.bouazza@univ.ma"], "role": "chef_departement", "departement": 5, "cin": "CIN_5", "nom": "Dr. Youssef Bouazza", "prenom": "Fiscalité et droit d", "email": "youssef.bouazza@univ.ma", "numtel": "", "grade": "", "dateRecrutement": "2020-01-01", "statutAdministratif": null}}, {"model": "enseignants.enseignant", "pk": "CHEF_6", "fields": {"user": ["samira.rachidi@univ.ma"], "role": "chef_departement", "departement": 6, "cin": "CIN_6", "nom": "Mme. Samira Rachid", "prenom": "Cellule langue et in", "email": "samira.rachidi@univ.ma", "numtel": "", "grade": "", "dateRecrutement": "2020-01-01", "statutAdministratif": null}}, {"model": "enseignants.enseignant", "pk": "CHEF01", "fields": {"user": ["chef1"], "role": "chef_departement", "departement": 6, "cin": "11111111", "nom": "Chef", "prenom": "Departement", "email": "chef1@gmail.com", "numtel": "22992331", "grade": "Professeur", "dateRecrutement": "2020-01-01", "statutAdministratif": ""}}, {"model": "enseignants.enseignant", "pk": "ENC001", "fields": {"user": ["enc001"], "role": "enseignant", "departement": 6, "cin": "12547852", "nom": "Benali", "prenom": "Mohammed", "email": "m.benali@gmail.com", "numtel": "21254785", "grade": "czsz", "dateRecrutement": "2015-09-01", "statutAdministratif": "en exercice"}}, {"model": "enseignants.enseignant", "pk": "ENC002", "fields": {"user": ["enc002"], "role": "enseignant", "departement": 6, "cin": "12345678", "nom": "Chaoui", "prenom": "Meryem", "email": "m.chaoui@gmail.com", "numtel": "45678901", "grade": "Professeur", "dateRecrutement": "2015-09-01", "statutAdministratif": "en exercice"}}, {"model": "enseignants.enseignant", "pk": "ENC003", "fields": {"user": ["enc003"], "role": "enseignant", "departement": 6, "cin": "25896325", "nom": "Idrissi", "prenom": "Yassine", "email": "khalilbourbia85@gmail.com", "numtel": "96082001", "grade": "dzndz", "dateRecrutement": "2015-09-01", "statutAdministratif": "en exercice"}}, {"model": "enseignants.enseignant", "pk": "RESP_IG", "fields": {"user": ["karim.tazi@univ.ma"], "role": "chef_departement", "departement": 3, "cin": "00000003", "nom": "Tazi", "prenom": "Karim", "email": "karim.tazi@univ.ma", "numtel": "34567890", "grade": "Professeur", "dateRecrutement": "2020-01-01", "statutAdministratif": null}}, {"model": "enseignants.enseignant", "pk": "RESP_MQ", "fields": {"user": ["fatima.alaoui@univ.ma"], "role": "chef_departement", "departement": 2, "cin": "00000002", "nom": "Alaoui", "prenom": "Fatima", "email": "fatima.alaoui@univ.ma", "numtel": "23456789", "grade": "Professeur", "dateRecrutement": "2020-01-01", "statutAdministratif": null}}, {"model": "enseignants.enseignant", "pk": "RESP_SECI", "fields": {"user": ["nadia.elkhattabi@univ.ma"], "role": "chef_departement", "departement": 4, "cin": "00000004", "nom": "El Khattabi", "prenom": "Nadia", "email": "nadia.elkhattabi@univ.ma", "numtel": "45678901", "grade": "Professeur", "dateRecrutement": "2020-01-01", "statutAdministratif": null}}, {"model": "enseignants.diplome", "pk": 1, "fields": {"libelleDiplome": "zbxjz", "specialite": "info", "universite": "ISGSs", "dateObtention": "2026-04-22"}}, {"model": "enseignants.diplome", "pk": 2, "fields": {"libelleDiplome": "zbxjz", "specialite": "info", "universite": "ISGSs", "dateObtention": "2026-04-22"}}, {"model": "enseignants.diplome", "pk": 3, "fields": {"libelleDiplome": "zbxjz", "specialite": "info", "universite": "ISGSs", "dateObtention": "2026-04-22"}}, {"model": "enseignants.diplome", "pk": 4, "fields": {"libelleDiplome": "daaas", "specialite": "info", "universite": "ISGSs", "dateObtention": "2026-04-16"}}, {"model": "enseignants.diplome", "pk": 5, "fields": {"libelleDiplome": "informatique", "specialite": "info", "universite": "ISGSs", "dateObtention": "2026-04-16"}}, {"model": "enseignants.diplome", "pk": 6, "fields": {"libelleDiplome": "genie industrielle", "specialite": "recherche operationnelle", "universite": "ecole centrale de paris", "dateObtention": "2003-02-02"}}, {"model": "enseignants.enseignantdiplome", "pk": 1, "fields": {"matricule": "ENC001", "idDiplome": 3, "dateObtention": "2026-04-22"}}, {"model": "enseignants.enseignantdiplome", "pk": 2, "fields": {"matricule": "ENC003", "idDiplome": 4, "dateObtention": "2026-04-16"}}, {"model": "enseignants.enseignantdiplome", "pk": 3, "fields": {"matricule": "CHEF01", "idDiplome": 5, "dateObtention": "2026-04-16"}}, {"model": "enseignants.enseignantdiplome", "pk": 4, "fields": {"matricule": "47954776", "idDiplome": 6, "dateObtention": "2003-02-02"}}, {"model": "enseignants.titre", "pk": 1, "fields": {"dateDebutTitre": "2026-04-14", "enseignant": "ADMIN01"}}, {"model": "enseignants.titre", "pk": 4, "fields": {"dateDebutTitre": "2026-04-15", "enseignant": "ENC001"}}, {"model": "enseignants.titre", "pk": 7, "fields": {"dateDebutTitre": "2015-09-01", "enseignant": "ENC003"}}, {"model": "enseignants.titre", "pk": 8, "fields": {"dateDebutTitre": "2026-04-01", "enseignant": "CHEF01"}}, {"model": "enseignants.titre", "pk": 9, "fields": {"dateDebutTitre": "2015-09-01", "enseignant": "ENC002"}}, {"model": "enseignants.titre", "pk": 10, "fields": {"dateDebutTitre": "2024-02-01", "enseignant": "47954776"}}, {"model": "enseignants.permanent", "pk": 7, "fields": {"titre_ptr": 7, "dateTitularisation": "2026-04-06", "anneeInscription": 2021}}, {"model": "enseignants.permanent", "pk": 10, "fields": {"titre_ptr": 10, "dateTitularisation": "2003-09-13", "anneeInscription": 2026}}, {"model": "enseignants.vacataire", "pk": 9, "fields": {"titre_ptr": 9, "nbHeures": 20, "tauxHoraire": 10.0}}, {"model": "enseignants.contractuel", "pk": 1, "fields": {"titre_ptr": 1, "dureeContrat": 22, "dateDebutContrat": "2026-04-14", "dateFinContrat": "2026-04-14"}}, {"model": "enseignants.contractuel", "pk": 4, "fields": {"titre_ptr": 4, "dureeContrat": 3, "dateDebutContrat": "2026-04-15", "dateFinContrat": "2029-04-15"}}, {"model": "enseignants.contractuel", "pk": 8, "fields": {"titre_ptr": 8, "dureeContrat": 3, "dateDebutContrat": "2026-04-01", "dateFinContrat": "2029-04-01"}}, {"model": "enseignants.contratdocteur", "pk": 4, "fields": {"primeRecherche": 200.0, "numeroOrdre": 1}}, {"model": "enseignants.contratdoctorant", "pk": 1, "fields": {"sujetThese": "zd", "universiteInscription": "2021", "anneeInscription": 2022}}, {"model": "enseignants.contratdoctorant", "pk": 8, "fields": {"sujetThese": "info", "universiteInscription": "isgs", "anneeInscription": 2026}}, {"model": "etudiants.etudiant", "pk": 1, "fields": {"cin": "12547896", "passport": null, "nationalite": "Marocaine", "nom": "Alaoui", "prenom": "Ahmed", "email": "ahmed.alaoui@gmail.com", "numTel": "12547852", "dateNaissance": "2000-05-15", "adresse": "123 Rue de la Kasbah, Casablanca", "situation": "N", "groupe": null, "licence": 3, "specialite": 6}}, {"model": "etudiants.etudiant", "pk": 2, "fields": {"cin": "CD234567", "passport": null, "nationalite": "Marocaine", "nom": "Bennani", "prenom": "Fatima", "email": "fatima.bennani@univ.ma", "numTel": "0623456789", "dateNaissance": "1999-08-22", "adresse": "456 Boulevard Hassan II, Rabat", "situation": "N", "groupe": null, "licence": null, "specialite": null}}, {"model": "etudiants.etudiant", "pk": 9, "fields": {"cin": "12589630", "passport": null, "nationalite": "Marocaine", "nom": "chayah", "prenom": "firas", "email": "firaschayah1234@gmail.com", "numTel": "22992331", "dateNaissance": "1998-04-12", "adresse": "369 Rue des Roses, Tetouan", "situation": "N", "groupe": null, "licence": 3, "specialite": 6}}, {"model": "etudiants.etudiant", "pk": 10, "fields": {"cin": "12563248", "passport": null, "nationalite": "tunisienne", "nom": "rania", "prenom": "elheni", "email": "raniaelheni90@gmail.com", "numTel": "23651181", "dateNaissance": "2001-06-20", "adresse": "741 Avenue des Palmiers, El Jadida", "situation": "R", "groupe": "", "licence": 2, "specialite": 5}}, {"model": "etudiants.etudiant", "pk": 13, "fields": {"cin": "12547898", "passport": null, "nationalite": "Marocaine", "nom": "wael", "prenom": "abidi", "email": "waelabidi105@gmail.com", "numTel": "06234560", "dateNaissance": "1999-08-22", "adresse": "tunisie", "situation": "N", "groupe": null, "licence": 3, "specialite": 6}}, {"model": "etudiants.etudiant", "pk": 14, "fields": {"cin": "14788523", "passport": null, "nationalite": "tunisienne", "nom": "heni", "prenom": "heni", "email": "khalilkhalil023@gmail.com", "numTel": "23232323", "dateNaissance": "2004-02-26", "adresse": "tunisie", "situation": "N", "groupe": "3lig", "licence": 3, "specialite": 6}}, {"model": "pfes.parametrespfe", "pk": 1, "fields": {"plafond_groupes": 3}}, {"model": "pfes.pfe", "pk": 1, "fields": {"sujet": "Application de gestion des ressources humaines", "duree": 3, "specialite": "Informatique de Gestion", "encadrant": "RESP_MQ", "date_affectation": "2026-02-19", "lieu_stage": null, "convention_file": "", "lettre_affectation_file": ""}}, {"model": "pfes.pfe", "pk": 9, "fields": {"sujet": "habitude", "duree": 3, "specialite": "Business Intelligence", "encadrant": "ENC003", "date_affectation": null, "lieu_stage": null, "convention_file": "", "lettre_affectation_file": ""}}, {"model": "pfes.pfe", "pk": 11, "fields": {"sujet": "gestion universitaire", "duree": 3, "specialite": "Monnaie – Finance – Banque – Assurance", "encadrant": "47954776", "date_affectation": null, "lieu_stage": "isgs", "convention_file": "", "lettre_affectation_file": ""}}, {"model": "pfes.pfestudent", "pk": 1, "fields": {"pfe": 1, "etudiant": 1}}, {"model": "pfes.pfestudent", "pk": 2, "fields": {"pfe": 1, "etudiant": 2}}, {"model": "pfes.pfestudent", "pk": 13, "fields": {"pfe": 9, "etudiant": 9}}, {"model": "pfes.pfestudent", "pk": 16, "fields": {"pfe": 11, "etudiant": 10}}, {"model": "pfes.soutenance", "pk": 7, "fields": {"pfe": null, "date_soutenance": "2026-05-07", "heure_soutenance": "09:00:00", "duree": 30, "salle": "A11", "encadrant": "RESP_MQ", "rapporteur": "47954776", "etudiants": [1, 2]}}, {"model": "pfes.soutenance", "pk": 8, "fields": {"pfe": null, "date_soutenance": "2026-05-07", "heure_soutenance": "09:30:00", "duree": 30, "salle": "A11", "encadrant": "ENC003", "rapporteur": "47954776", "etudiants": [9]}}, {"model": "academique.departement", "pk": 1, "fields": {"nom": "Sciences de gestion", "code": "SG", "description": null, "responsable": "Dr. Ahmed Bennani", "email": "ahmed.bennani@univ.ma", "telephone": "+212 6 12 34 56 78", "photo": "", "date_creation": "2026-04-20T01:55:06.312Z", "date_modification": "2026-04-20T01:55:06.312Z"}}, {"model": "academique.departement", "pk": 2, "fields": {"nom": "Méthodes quantitatives", "code": "MQ", "description": null, "responsable": "Pr. Fatima Alaoui", "email": "fatima.alaoui@univ.ma", "telephone": "+212 6 23 45 67 89", "photo": "", "date_creation": "2026-04-20T01:55:06.321Z", "date_modification": "2026-04-20T01:55:06.321Z"}}, {"model": "academique.departement", "pk": 3, "fields": {"nom": "Informatique de gestion", "code": "khalil123456", "description": null, "responsable": "Dr. Karim Tazi", "email": "karim.tazi@univ.ma", "telephone": "+212 6 34 56 78 90", "photo": "departements_photos/WhatsApp_Image_2026-05-06_at_13.05.43.jpeg", "date_creation": "2026-04-20T01:55:06.326Z", "date_modification": "2026-05-06T21:53:35.295Z"}}, {"model": "academique.departement", "pk": 4, "fields": {"nom": "Sciences économiques et commerce international", "code": "SECI", "description": null, "responsable": "Pr. Nadia El Khattabi", "email": "nadia.elkhattabi@univ.ma", "telephone": "+212 6 45 67 89 01", "photo": "", "date_creation": "2026-04-20T01:55:06.330Z", "date_modification": "2026-04-20T01:55:06.330Z"}}, {"model": "academique.departement", "pk": 5, "fields": {"nom": "Fiscalité et droit des affaires", "code": "FDA", "description": null, "responsable": "Dr. Youssef Bouazza", "email": "youssef.bouazza@univ.ma", "telephone": "+212 6 56 78 90 12", "photo": "", "date_creation": "2026-04-20T01:55:06.335Z", "date_modification": "2026-04-20T01:55:06.335Z"}}, {"model": "academique.departement", "pk": 6, "fields": {"nom": "Cellule langue et informatique", "code": "kha", "description": "", "responsable": "Mme. Samira Rachid", "email": "samira.rachidi@univ.ma", "telephone": "+212 6 67 89 01 23", "photo": "", "date_creation": "2026-04-20T01:55:06.340Z", "date_modification": "2026-05-06T22:14:07.494Z"}}, {"model": "academique.licence", "pk": 1, "fields": {"nom": "Licence en Sciences de Gestion", "domaine": null, "mention": null, "parcours": null, "description": null, "duree": "3 ans", "departement": 1, "date_creation": "2026-04-20T01:55:08.117Z", "date_modification": "2026-04-20T01:55:08.117Z"}}, {"model": "academique.licence", "pk": 2, "fields": {"nom": "Licence en Économie", "domaine": null, "mention": null, "parcours": null, "description": null, "duree": "3 ans", "departement": 4, "date_creation": "2026-04-20T01:55:08.154Z", "date_modification": "2026-04-20T01:55:08.154Z"}}, {"model": "academique.licence", "pk": 3, "fields": {"nom": "Licence en Informatique de Gestion", "domaine": null, "mention": null, "parcours": null, "description": null, "duree": "3 ans", "departement": 3, "date_creation": "2026-04-20T01:55:08.165Z", "date_modification": "2026-04-20T01:55:08.165Z"}}, {"model": "academique.specialite", "pk": 1, "fields": {"nom": "Comptabilité", "code": "COMP", "description": null, "licence": 1, "date_creation": "2026-04-20T01:55:08.130Z", "date_modification": "2026-04-20T01:55:08.130Z"}}, {"model": "academique.specialite", "pk": 2, "fields": {"nom": "Finance", "code": "FIN", "description": null, "licence": 1, "date_creation": "2026-04-20T01:55:08.137Z", "date_modification": "2026-04-20T01:55:08.137Z"}}, {"model": "academique.specialite", "pk": 3, "fields": {"nom": "Marketing", "code": "MKT", "description": null, "licence": 1, "date_creation": "2026-04-20T01:55:08.142Z", "date_modification": "2026-04-20T01:55:08.142Z"}}, {"model": "academique.specialite", "pk": 4, "fields": {"nom": "Management", "code": "MGMT", "description": null, "licence": 1, "date_creation": "2026-04-20T01:55:08.147Z", "date_modification": "2026-04-20T01:55:08.147Z"}}, {"model": "academique.specialite", "pk": 5, "fields": {"nom": "Monnaie – Finance – Banque – Assurance", "code": "MFBA", "description": null, "licence": 2, "date_creation": "2026-04-20T01:55:08.159Z", "date_modification": "2026-04-20T01:55:08.159Z"}}, {"model": "academique.specialite", "pk": 6, "fields": {"nom": "Business Intelligence", "code": "BI", "description": null, "licence": 3, "date_creation": "2026-04-20T01:55:08.170Z", "date_modification": "2026-04-20T01:55:08.170Z"}}, {"model": "academique.module", "pk": 226, "fields": {"nom": "UEF1", "code": null, "matieres": [{"nom": "Algorithmique et Structures de Données 1", "type": "cours_td_tp", "vh_ci": 0, "vh_td": 42, "vh_tp": 21, "credit": 6, "coefficient": 3, "volume_horaire": 21}], "credit_ue": "6.00", "coefficient_ue": "3.00", "semestre": "S1", "annee": "L1", "licence": 3, "specialite": 6, "description": "", "date_creation": "2026-04-22T03:07:28.916Z", "date_modification": "2026-04-22T03:44:37.374Z"}}, {"model": "academique.module", "pk": 227, "fields": {"nom": "UEF2", "code": null, "matieres": [{"nom": "\t Systèmes d’exploitation", "type": "cours_td", "vh_ci": 0, "vh_td": 10.5, "vh_tp": 0, "credit": 2, "coefficient": 1, "volume_horaire": 21}, {"nom": "Systèmes Logiques et architecture des ordinateurs", "type": "cours_td", "vh_ci": 0, "vh_td": 10.5, "vh_tp": 0, "credit": 2, "coefficient": 1, "volume_horaire": 21}], "credit_ue": "4.00", "coefficient_ue": "2.00", "semestre": "S1", "annee": "L1", "licence": 3, "specialite": 6, "description": "", "date_creation": "2026-04-22T03:11:30.685Z", "date_modification": "2026-04-22T03:45:09.158Z"}}, {"model": "academique.module", "pk": 228, "fields": {"nom": "UEF3", "code": null, "matieres": [{"nom": "Analyse", "type": "cours_td", "vh_ci": 0, "vh_td": 10.5, "vh_tp": 0, "credit": 2, "coefficient": 1, "volume_horaire": 21}, {"nom": "Statistiques et probabilité", "type": "cours_td", "vh_ci": 0, "vh_td": 10.5, "vh_tp": 0, "credit": 2, "coefficient": 1, "volume_horaire": 21}], "credit_ue": "4.00", "coefficient_ue": "2.00", "semestre": "S1", "annee": "L1", "licence": 3, "specialite": 6, "description": "", "date_creation": "2026-04-22T03:20:51.575Z", "date_modification": "2026-04-22T03:45:25.668Z"}}, {"model": "academique.module", "pk": 229, "fields": {"nom": "UEF4", "code": null, "matieres": [{"nom": "Principes de Gestion", "type": "cours", "vh_ci": 0, "vh_td": 0, "vh_tp": 0, "credit": 2, "coefficient": 1, "volume_horaire": 21}, {"nom": "Comptabilité Générale", "type": "cours", "vh_ci": 0, "vh_td": 0, "vh_tp": 0, "credit": 2, "coefficient": 1, "volume_horaire": 21}], "credit_ue": "4.00", "coefficient_ue": "2.00", "semestre": "S1", "annee": "L1", "licence": 3, "specialite": 6, "description": "", "date_creation": "2026-04-22T03:23:04.721Z", "date_modification": "2026-04-22T03:45:40.455Z"}}, {"model": "academique.module", "pk": 230, "fields": {"nom": "UET", "code": null, "matieres": [{"nom": "Compétences numériques", "type": "cours", "vh_ci": 0, "vh_td": 0, "vh_tp": 0, "credit": 2, "coefficient": 1, "volume_horaire": 21}, {"nom": "Business communication (en anglais)", "type": "cours", "vh_ci": 0, "vh_td": 0, "vh_tp": 0, "credit": 2, "coefficient": 1, "volume_horaire": 21}, {"nom": "Développement Personnel", "type": "cours", "vh_ci": 0, "vh_td": 0, "vh_tp": 0, "credit": 2, "coefficient": 1, "volume_horaire": 21}], "credit_ue": "6.00", "coefficient_ue": "3.00", "semestre": "S1", "annee": "L1", "licence": 3, "specialite": 6, "description": "", "date_creation": "2026-04-22T03:24:23.857Z", "date_modification": "2026-04-22T03:46:25.505Z"}}, {"model": "academique.module", "pk": 231, "fields": {"nom": "UEO", "code": null, "matieres": [{"nom": "Travail collaboratif ", "type": "cours_td", "vh_ci": 0, "vh_td": 21, "vh_tp": 0, "credit": 4, "coefficient": 2, "volume_horaire": 21}, {"nom": "Interface Homme machine", "type": "td", "vh_ci": 0, "vh_td": 21, "vh_tp": 0, "credit": 2, "coefficient": 1, "volume_horaire": 0}], "credit_ue": "6.00", "coefficient_ue": "3.00", "semestre": "S1", "annee": "L1", "licence": 3, "specialite": 6, "description": "", "date_creation": "2026-04-22T03:27:28.224Z", "date_modification": "2026-04-22T03:46:08.191Z"}}, {"model": "academique.module", "pk": 232, "fields": {"nom": "UEF1", "code": null, "matieres": [{"nom": "Algorithmique et Structures de Données 2", "type": "cours_td_tp", "vh_ci": 0, "vh_td": 42, "vh_tp": 21, "credit": 6.01, "coefficient": 3, "volume_horaire": 21}], "credit_ue": "6.00", "coefficient_ue": "3.00", "semestre": "S2", "annee": "L1", "licence": 3, "specialite": 6, "description": "", "date_creation": "2026-04-22T03:28:42.670Z", "date_modification": "2026-04-22T03:46:44.948Z"}}, {"model": "academique.module", "pk": 233, "fields": {"nom": "UEF2", "code": null, "matieres": [{"nom": "Fondements des réseaux", "type": "cours_td", "vh_ci": 0, "vh_td": 21, "vh_tp": 0, "credit": 2, "coefficient": 0.97, "volume_horaire": 21}, {"nom": "Introduction aux systèmes d’information", "type": "cours", "vh_ci": 0, "vh_td": 0, "vh_tp": 0, "credit": 2, "coefficient": 1, "volume_horaire": 21}], "credit_ue": "4.00", "coefficient_ue": "2.00", "semestre": "S2", "annee": "L1", "licence": 3, "specialite": 6, "description": "", "date_creation": "2026-04-22T03:32:36.551Z", "date_modification": "2026-04-22T03:46:57.484Z"}}, {"model": "academique.module", "pk": 234, "fields": {"nom": "UEF3", "code": null, "matieres": [{"nom": "Logique mathématique", "type": "cours_td", "vh_ci": 0, "vh_td": 10.5, "vh_tp": 0, "credit": 2, "coefficient": 1, "volume_horaire": 21}, {"nom": "Algèbre", "type": "cours_td", "vh_ci": 0, "vh_td": 10.5, "vh_tp": 0, "credit": 2, "coefficient": 1, "volume_horaire": 21}], "credit_ue": "4.00", "coefficient_ue": "2.00", "semestre": "S2", "annee": "L1", "licence": 3, "specialite": 6, "description": "", "date_creation": "2026-04-22T03:34:14.633Z", "date_modification": "2026-04-22T03:47:12.698Z"}}, {"model": "academique.module", "pk": 235, "fields": {"nom": "UEF4", "code": null, "matieres": [{"nom": "Le système d’information comptable", "type": "cours", "vh_ci": 0, "vh_td": 0, "vh_tp": 0, "credit": 2, "coefficient": 1, "volume_horaire": 21}, {"nom": "Gestion financière", "type": "cours", "vh_ci": 0, "vh_td": 0, "vh_tp": 0, "credit": 2, "coefficient": 1, "volume_horaire": 21}], "credit_ue": "4.00", "coefficient_ue": "2.00", "semestre": "S2", "annee": "L1", "licence": 3, "specialite": 6, "description": "", "date_creation": "2026-04-22T03:36:04.378Z", "date_modification": "2026-04-22T03:47:27.333Z"}}, {"model": "academique.module", "pk": 236, "fields": {"nom": "UET", "code": null, "matieres": [{"nom": "Business communication 2 (en anglais)", "type": "cours", "vh_ci": 0, "vh_td": 0, "vh_tp": 0, "credit": 2, "coefficient": 2, "volume_horaire": 21}, {"nom": "Droit de l’informatique", "type": "cours", "vh_ci": 0, "vh_td": 0, "vh_tp": 0, "credit": 2, "coefficient": 1, "volume_horaire": 21}], "credit_ue": "4.00", "coefficient_ue": "3.00", "semestre": "S2", "annee": "L1", "licence": 3, "specialite": 6, "description": "", "date_creation": "2026-04-22T03:38:06.272Z", "date_modification": "2026-04-22T03:48:12.007Z"}}, {"model": "academique.module", "pk": 237, "fields": {"nom": "UEO", "code": null, "matieres": [{"nom": "Erasmus : Digital Business Transformation", "type": "cours_td", "vh_ci": 0, "vh_td": 21, "vh_tp": 0, "credit": 6, "coefficient": 2, "volume_horaire": 21}, {"nom": "Erasmus : Entreprise Systems", "type": "td", "vh_ci": 0, "vh_td": 0, "vh_tp": 0, "credit": 2.01, "coefficient": 1, "volume_horaire": 0}], "credit_ue": "8.00", "coefficient_ue": "3.00", "semestre": "S2", "annee": "L1", "licence": 3, "specialite": 6, "description": "", "date_creation": "2026-04-22T03:39:47.939Z", "date_modification": "2026-04-22T03:47:50.868Z"}}, {"model": "academique.module", "pk": 238, "fields": {"nom": "UEF310 Programmation avancée 1", "code": null, "matieres": [{"nom": "Programmation OO", "type": "cours_td_tp", "vh_ci": 52.5, "vh_td": 21, "vh_tp": 10.5, "credit": 3, "coefficient": 1.5, "volume_horaire": 21}, {"nom": "Programmation web 1", "type": "cours_tp", "vh_ci": 31.5, "vh_td": 0, "vh_tp": 10.5, "credit": 2, "coefficient": 1, "volume_horaire": 21}], "credit_ue": "5.00", "coefficient_ue": "2.50", "semestre": "S3", "annee": "L2", "licence": 3, "specialite": 6, "description": "", "date_creation": "2026-04-22T03:52:07.640Z", "date_modification": "2026-04-22T04:30:24.263Z"}}, {"model": "academique.module", "pk": 239, "fields": {"nom": "UEF320 Conception et Base de données", "code": null, "matieres": [{"nom": "Conception OO des systèmes d'information", "type": "cours_td", "vh_ci": 31.5, "vh_td": 10.5, "vh_tp": 0, "credit": 2, "coefficient": 1, "volume_horaire": 21}, {"nom": "Base de données", "type": "cours_td", "vh_ci": 42, "vh_td": 21, "vh_tp": 0, "credit": 3.01, "coefficient": 1.5, "volume_horaire": 21}], "credit_ue": "5.00", "coefficient_ue": "2.50", "semestre": "S3", "annee": "L2", "licence": 3, "specialite": 6, "description": "", "date_creation": "2026-04-22T03:54:34.157Z", "date_modification": "2026-04-22T04:31:11.897Z"}}, {"model": "academique.module", "pk": 240, "fields": {"nom": "UEF330 Stat et IA", "code": null, "matieres": [{"nom": "Statistiques inférentielles", "type": "cours", "vh_ci": 21, "vh_td": 0, "vh_tp": 0, "credit": 2, "coefficient": 1, "volume_horaire": 21}, {"nom": "Fondements de l'IA", "type": "cours_td", "vh_ci": 0, "vh_td": 10.5, "vh_tp": 0, "credit": 2, "coefficient": 1, "volume_horaire": 21}], "credit_ue": "4.00", "coefficient_ue": "2.00", "semestre": "S3", "annee": "L2", "licence": 3, "specialite": 6, "description": "", "date_creation": "2026-04-22T03:56:39.935Z", "date_modification": "2026-04-22T04:30:44.222Z"}}, {"model": "academique.module", "pk": 241, "fields": {"nom": "UEF340 Digial Business", "code": null, "matieres": [{"nom": "Marketing digital", "type": "cours", "vh_ci": 21, "vh_td": 0, "vh_tp": 0, "credit": 2, "coefficient": 1, "volume_horaire": 21}, {"nom": "Economie numérique", "type": "cours_td", "vh_ci": 31.5, "vh_td": 10.5, "vh_tp": 0, "credit": 2, "coefficient": 1, "volume_horaire": 21}], "credit_ue": "4.00", "coefficient_ue": "2.00", "semestre": "S3", "annee": "L2", "licence": 3, "specialite": 6, "description": "", "date_creation": "2026-04-22T03:58:26.026Z", "date_modification": "2026-04-22T04:31:18.603Z"}}, {"model": "academique.module", "pk": 242, "fields": {"nom": "UET310 Soft skills et culture 3", "code": null, "matieres": [{"nom": "Ethique et lois des IT", "type": "td", "vh_ci": 0, "vh_td": 21, "vh_tp": 0, "credit": 2, "coefficient": 1, "volume_horaire": 0}, {"nom": "Projet professionnel personnel (PPP)", "type": "cours_td", "vh_ci": 0, "vh_td": 21, "vh_tp": 0, "credit": 4, "coefficient": 2, "volume_horaire": 21}], "credit_ue": "6.00", "coefficient_ue": "3.00", "semestre": "S3", "annee": "L2", "licence": 3, "specialite": 6, "description": "", "date_creation": "2026-04-22T04:00:30.477Z", "date_modification": "2026-04-22T04:31:26.728Z"}}, {"model": "academique.module", "pk": 243, "fields": {"nom": "UEO310 Unités optionnelles", "code": null, "matieres": [{"nom": "ERASMUS - Systems and Data Integration", "type": "cours_td", "vh_ci": 31.5, "vh_td": 10.5, "vh_tp": 0, "credit": 4, "coefficient": 2, "volume_horaire": 21}, {"nom": "ERASMUS - Engineering Business Provess", "type": "cours", "vh_ci": 21, "vh_td": 0, "vh_tp": 0, "credit": 2, "coefficient": 1, "volume_horaire": 21}], "credit_ue": "6.00", "coefficient_ue": "3.00", "semestre": "S3", "annee": "L2", "licence": 3, "specialite": 6, "description": "", "date_creation": "2026-04-22T04:02:01.291Z", "date_modification": "2026-04-22T04:30:59.739Z"}}, {"model": "academique.module", "pk": 244, "fields": {"nom": "UE410  Analyse des données et Programmation avancée 1", "code": null, "matieres": [{"nom": "Analyse et fouille de données", "type": "cours_tp", "vh_ci": 31.5, "vh_td": 0, "vh_tp": 10.5, "credit": 2, "coefficient": 1, "volume_horaire": 21}, {"nom": "Programmation web 2", "type": "tp", "vh_ci": 21, "vh_td": 0, "vh_tp": 21, "credit": 2, "coefficient": 1, "volume_horaire": 0}], "credit_ue": "4.00", "coefficient_ue": "2.00", "semestre": "S4", "annee": "L2", "licence": 3, "specialite": 6, "description": "", "date_creation": "2026-04-22T04:06:04.605Z", "date_modification": "2026-04-22T04:06:04.606Z"}}, {"model": "academique.module", "pk": 245, "fields": {"nom": "UEF420 Théorie des graphs et recherche opérationnelle", "code": null, "matieres": [{"nom": "Théorie des graphes et recherche opérationnelle", "type": "cours_td", "vh_ci": 42, "vh_td": 21, "vh_tp": 0, "credit": 4, "coefficient": 2, "volume_horaire": 21}], "credit_ue": "4.00", "coefficient_ue": "2.00", "semestre": "S4", "annee": "L2", "licence": 3, "specialite": 6, "description": "", "date_creation": "2026-04-22T04:07:53.439Z", "date_modification": "2026-04-22T04:07:53.439Z"}}, {"model": "academique.module", "pk": 246, "fields": {"nom": "UEF430 Ingénierie des logiciels", "code": null, "matieres": [{"nom": "(Atelier) de génie logiciel (AGL)", "type": "cours_td", "vh_ci": 31.5, "vh_td": 10.5, "vh_tp": 0, "credit": 2, "coefficient": 1, "volume_horaire": 21}, {"nom": "Architecture logicielle", "type": "cours_td", "vh_ci": 31.5, "vh_td": 10.5, "vh_tp": 0, "credit": 2, "coefficient": 1.5, "volume_horaire": 21}], "credit_ue": "5.00", "coefficient_ue": "2.50", "semestre": "S4", "annee": "L2", "licence": 3, "specialite": 6, "description": "", "date_creation": "2026-04-22T04:09:49.278Z", "date_modification": "2026-04-22T04:09:49.278Z"}}, {"model": "academique.module", "pk": 247, "fields": {"nom": "UEF440 Base de données", "code": null, "matieres": [{"nom": "SGBD", "type": "cours_tp", "vh_ci": 42, "vh_td": 0, "vh_tp": 21, "credit": 2, "coefficient": 1, "volume_horaire": 21}, {"nom": "Modélisation multidimensionnelle et entrepôt de données", "type": "cours_td", "vh_ci": 42, "vh_td": 21, "vh_tp": 0, "credit": 3, "coefficient": 1.5, "volume_horaire": 21}], "credit_ue": "5.00", "coefficient_ue": "2.50", "semestre": "S4", "annee": "L2", "licence": 3, "specialite": 6, "description": "", "date_creation": "2026-04-22T04:12:13.598Z", "date_modification": "2026-04-22T04:12:13.598Z"}}, {"model": "academique.module", "pk": 248, "fields": {"nom": "UET450 Soft skills et culture 4", "code": null, "matieres": [{"nom": "Entreprenariat", "type": "cours", "vh_ci": 21, "vh_td": 0, "vh_tp": 0, "credit": 2, "coefficient": 1, "volume_horaire": 42}, {"nom": "Gestion de projet", "type": "cours", "vh_ci": 21, "vh_td": 0, "vh_tp": 0, "credit": 2, "coefficient": 1, "volume_horaire": 21}, {"nom": "Optimisation Non Linéaire", "type": "cours", "vh_ci": 21, "vh_td": 0, "vh_tp": 0, "credit": 2, "coefficient": 1, "volume_horaire": 21}], "credit_ue": "6.00", "coefficient_ue": "3.00", "semestre": "S4", "annee": "L2", "licence": 3, "specialite": 6, "description": "", "date_creation": "2026-04-22T04:14:15.399Z", "date_modification": "2026-04-22T04:14:15.399Z"}}, {"model": "academique.module", "pk": 249, "fields": {"nom": "UEO460 Unités optionnelles", "code": null, "matieres": [{"nom": "Processus Unifié", "type": "cours_td", "vh_ci": 42, "vh_td": 21, "vh_tp": 0, "credit": 4, "coefficient": 2, "volume_horaire": 21}, {"nom": "ERASMUS - BI and Data Analytics", "type": "cours_td", "vh_ci": 42, "vh_td": 21, "vh_tp": 0, "credit": 2, "coefficient": 1, "volume_horaire": 21}], "credit_ue": "6.00", "coefficient_ue": "3.00", "semestre": "S4", "annee": "L2", "licence": 3, "specialite": 6, "description": "", "date_creation": "2026-04-22T04:16:04.664Z", "date_modification": "2026-04-22T04:16:04.664Z"}}, {"model": "academique.module", "pk": 250, "fields": {"nom": "UEF510 Sciences de la décision", "code": null, "matieres": [{"nom": "EUCEF511 : Techniques de prévision", "type": "cours_td", "vh_ci": 42, "vh_td": 21, "vh_tp": 0, "credit": 2, "coefficient": 1, "volume_horaire": 21}, {"nom": "EUCEF512 : Fondements de la théorie de décision", "type": "cours", "vh_ci": 21, "vh_td": 0, "vh_tp": 0, "credit": 2, "coefficient": 1, "volume_horaire": 21}], "credit_ue": "4.00", "coefficient_ue": "2.00", "semestre": "S5", "annee": "L3", "licence": 3, "specialite": 6, "description": "", "date_creation": "2026-04-22T04:18:13.145Z", "date_modification": "2026-04-22T04:18:13.146Z"}}, {"model": "academique.module", "pk": 251, "fields": {"nom": "UEF520 Environnements évolués", "code": null, "matieres": [{"nom": "EUCEF521 : Introduction au Big data et Cloud", "type": "cours_td", "vh_ci": 42, "vh_td": 21, "vh_tp": 0, "credit": 3, "coefficient": 1.5, "volume_horaire": 21}, {"nom": "EUCEF522: Développement Mobile", "type": "cours", "vh_ci": 21, "vh_td": 0, "vh_tp": 0, "credit": 2.02, "coefficient": 1, "volume_horaire": 21}], "credit_ue": "5.00", "coefficient_ue": "2.50", "semestre": "S5", "annee": "L3", "licence": 3, "specialite": 6, "description": "", "date_creation": "2026-04-22T04:19:56.643Z", "date_modification": "2026-04-22T04:20:43.755Z"}}, {"model": "academique.module", "pk": 252, "fields": {"nom": "UEF530 Technologie de l'information", "code": null, "matieres": [{"nom": "EUCEF531 :Gestion de l a technologie de l'information (ERP,SCM..)", "type": "cours_td", "vh_ci": 42, "vh_td": 21, "vh_tp": 0, "credit": 3, "coefficient": 1.5, "volume_horaire": 21}, {"nom": "EUCEF 532 :les fondamentaux de la sécurité IT", "type": "cours", "vh_ci": 21, "vh_td": 0, "vh_tp": 0, "credit": 2, "coefficient": 1, "volume_horaire": 21}], "credit_ue": "5.00", "coefficient_ue": "2.50", "semestre": "S5", "annee": "L3", "licence": 3, "specialite": 6, "description": "", "date_creation": "2026-04-22T04:22:57.736Z", "date_modification": "2026-04-22T04:22:57.736Z"}}, {"model": "academique.module", "pk": 253, "fields": {"nom": "UEF540 Analyse des données et Programmation avancée 2", "code": null, "matieres": [{"nom": "EUCEF541 :Langages de programmation évolués-BI", "type": "cours", "vh_ci": 42, "vh_td": 21, "vh_tp": 0, "credit": 2, "coefficient": 1, "volume_horaire": 21}, {"nom": "EUCEF542 :Conception TB et scoring", "type": "cours", "vh_ci": 21, "vh_td": 0, "vh_tp": 0, "credit": 2, "coefficient": 1, "volume_horaire": 21}], "credit_ue": "4.00", "coefficient_ue": "2.00", "semestre": "S5", "annee": "L3", "licence": 3, "specialite": 6, "description": "", "date_creation": "2026-04-22T04:24:49.134Z", "date_modification": "2026-04-22T04:28:30.370Z"}}, {"model": "academique.module", "pk": 254, "fields": {"nom": "UET550 Soft skills et culture 5", "code": null, "matieres": [{"nom": "EUCET551: Leadership ( en anglais)", "type": "cours_td", "vh_ci": 42, "vh_td": 21, "vh_tp": 0, "credit": 4, "coefficient": 2, "volume_horaire": 21}, {"nom": "EUCET552 :Psychology et sociology for online media applications", "type": "cours", "vh_ci": 21, "vh_td": 0, "vh_tp": 0, "credit": 2, "coefficient": 1, "volume_horaire": 21}], "credit_ue": "6.00", "coefficient_ue": "3.00", "semestre": "S5", "annee": "L3", "licence": 3, "specialite": 6, "description": "", "date_creation": "2026-04-22T04:26:42.463Z", "date_modification": "2026-04-22T04:28:59.415Z"}}, {"model": "academique.module", "pk": 255, "fields": {"nom": "UEO560 Unités optionnelles", "code": null, "matieres": [{"nom": "EUCO 561 : ERASMUS - Systems Modeling and Simulation", "type": "cours_td", "vh_ci": 42, "vh_td": 21, "vh_tp": 0, "credit": 4, "coefficient": 2, "volume_horaire": 21}, {"nom": "EUCO 562: ERASMUS - Systems Security and availability", "type": "cours_td", "vh_ci": 42, "vh_td": 21, "vh_tp": 0, "credit": 2.01, "coefficient": 1, "volume_horaire": 21}], "credit_ue": "6.00", "coefficient_ue": "3.00", "semestre": "S5", "annee": "L3", "licence": 3, "specialite": 6, "description": "", "date_creation": "2026-04-22T04:28:09.137Z", "date_modification": "2026-04-22T04:28:09.137Z"}}, {"model": "academique.module", "pk": 256, "fields": {"nom": "Stage en Entreprise", "code": null, "matieres": [{"nom": "Stage en Entreprise", "type": "cours", "vh_ci": 0, "vh_td": 0, "vh_tp": 0, "credit": 0, "coefficient": 15, "volume_horaire": 0}], "credit_ue": "0.00", "coefficient_ue": "15.00", "semestre": "S6", "annee": "L3", "licence": 3, "specialite": 6, "description": "", "date_creation": "2026-04-22T04:30:05.605Z", "date_modification": "2026-04-22T04:30:05.605Z"}}, {"model": "academique.module", "pk": 257, "fields": {"nom": "UE1 : Principes de Gestion", "code": null, "matieres": [{"nom": "UE1 : Principes de Gestion", "type": "cours_td", "vh_ci": 63, "vh_td": 21, "vh_tp": 0, "credit": 5, "coefficient": 2.5, "volume_horaire": 42}], "credit_ue": "5.00", "coefficient_ue": "2.50", "semestre": "S1", "annee": "L1", "licence": 1, "specialite": 2, "description": "", "date_creation": "2026-04-22T04:42:59.934Z", "date_modification": "2026-04-22T04:42:59.935Z"}}, {"model": "academique.module", "pk": 258, "fields": {"nom": "UE2 : Comptabilité", "code": null, "matieres": [{"nom": "Comptabilité Financière 1", "type": "cours_td", "vh_ci": 63, "vh_td": 21, "vh_tp": 0, "credit": 5, "coefficient": 2.5, "volume_horaire": 42}], "credit_ue": "5.00", "coefficient_ue": "2.50", "semestre": "S1", "annee": "L1", "licence": 1, "specialite": 2, "description": "", "date_creation": "2026-04-22T04:44:12.361Z", "date_modification": "2026-04-22T04:45:53.793Z"}}, {"model": "academique.module", "pk": 259, "fields": {"nom": "UE3 : Principes d’économie", "code": null, "matieres": [{"nom": "Microéconomie", "type": "cours_td", "vh_ci": 0, "vh_td": 21, "vh_tp": 0, "credit": 5, "coefficient": 2.5, "volume_horaire": 42}], "credit_ue": "5.00", "coefficient_ue": "2.50", "semestre": "S1", "annee": "L1", "licence": 1, "specialite": 2, "description": "", "date_creation": "2026-04-22T04:45:20.485Z", "date_modification": "2026-04-22T04:45:20.485Z"}}, {"model": "academique.module", "pk": 260, "fields": {"nom": "UE4 : Mathématiques", "code": null, "matieres": [{"nom": "Mathématiques 1", "type": "cours_td", "vh_ci": 0, "vh_td": 21, "vh_tp": 0, "credit": 5, "coefficient": 2.5, "volume_horaire": 42}], "credit_ue": "5.00", "coefficient_ue": "2.50", "semestre": "S1", "annee": "L1", "licence": 1, "specialite": 2, "description": "", "date_creation": "2026-04-22T04:46:44.512Z", "date_modification": "2026-04-22T04:46:44.512Z"}}, {"model": "academique.module", "pk": 261, "fields": {"nom": "UE5 : Droit et calcul financiers", "code": null, "matieres": [{"nom": "Introduction au Droit", "type": "cours", "vh_ci": 0, "vh_td": 0, "vh_tp": 0, "credit": 2, "coefficient": 1, "volume_horaire": 42}, {"nom": "Mathématiques Financières", "type": "cours_td", "vh_ci": 42, "vh_td": 21, "vh_tp": 0, "credit": 3, "coefficient": 1.5, "volume_horaire": 21}], "credit_ue": "5.00", "coefficient_ue": "2.50", "semestre": "S1", "annee": "L1", "licence": 1, "specialite": 2, "description": "", "date_creation": "2026-04-22T04:48:32.174Z", "date_modification": "2026-04-22T04:48:32.174Z"}}, {"model": "academique.module", "pk": 262, "fields": {"nom": "UE6 : Langue et informatique", "code": null, "matieres": [{"nom": "Anglais 1", "type": "cours", "vh_ci": 0, "vh_td": 0, "vh_tp": 0, "credit": 2, "coefficient": 1, "volume_horaire": 21}, {"nom": "C2i1", "type": "cours", "vh_ci": 21, "vh_td": 0, "vh_tp": 0, "credit": 3, "coefficient": 1.5, "volume_horaire": 21}], "credit_ue": "5.00", "coefficient_ue": "2.50", "semestre": "S1", "annee": "L1", "licence": 1, "specialite": 2, "description": "", "date_creation": "2026-04-22T04:50:56.066Z", "date_modification": "2026-04-22T04:50:56.066Z"}}, {"model": "academique.module", "pk": 263, "fields": {"nom": "UE1 : Principes de Gestion", "code": null, "matieres": [{"nom": "Principes de Gestion 1", "type": "cours_td", "vh_ci": 0, "vh_td": 21, "vh_tp": 0, "credit": 5, "coefficient": 2.5, "volume_horaire": 42}], "credit_ue": "5.00", "coefficient_ue": "2.50", "semestre": "S2", "annee": "L1", "licence": 1, "specialite": 2, "description": "", "date_creation": "2026-04-22T04:52:06.309Z", "date_modification": "2026-04-22T04:52:06.309Z"}}, {"model": "academique.module", "pk": 264, "fields": {"nom": "UE2 : Comptabilité", "code": null, "matieres": [{"nom": "Comptabilité Financière 2", "type": "cours_td", "vh_ci": 0, "vh_td": 21, "vh_tp": 0, "credit": 5, "coefficient": 2.5, "volume_horaire": 42}], "credit_ue": "5.00", "coefficient_ue": "2.50", "semestre": "S2", "annee": "L1", "licence": 1, "specialite": 2, "description": "", "date_creation": "2026-04-22T04:53:09.062Z", "date_modification": "2026-04-22T04:54:08.602Z"}}, {"model": "academique.module", "pk": 265, "fields": {"nom": "UE3 : Mathématiques", "code": null, "matieres": [{"nom": "Mathématiques 2", "type": "cours_td", "vh_ci": 0, "vh_td": 21, "vh_tp": 0, "credit": 5, "coefficient": 2.5, "volume_horaire": 42}], "credit_ue": "5.00", "coefficient_ue": "2.50", "semestre": "S2", "annee": "L1", "licence": 1, "specialite": 2, "description": "", "date_creation": "2026-04-22T04:55:41.642Z", "date_modification": "2026-04-22T04:56:32.241Z"}}, {"model": "academique.module", "pk": 266, "fields": {"nom": "UE4 : Statistiques", "code": null, "matieres": [{"nom": "Statistique descriptive et calculs de probabilité", "type": "cours", "vh_ci": 0, "vh_td": 21, "vh_tp": 0, "credit": 5, "coefficient": 2.5, "volume_horaire": 42}], "credit_ue": "5.00", "coefficient_ue": "2.50", "semestre": "S2", "annee": "L1", "licence": 1, "specialite": 2, "description": "", "date_creation": "2026-04-22T04:56:20.198Z", "date_modification": "2026-04-22T04:56:20.198Z"}}, {"model": "academique.module", "pk": 267, "fields": {"nom": "UE5 : Macroéconomie et Droit", "code": null, "matieres": [{"nom": "Macroéconomie", "type": "cours", "vh_ci": 0, "vh_td": 0, "vh_tp": 0, "credit": 3, "coefficient": 1.5, "volume_horaire": 42}, {"nom": "Droit des sociétés Commerciales", "type": "cours", "vh_ci": 0, "vh_td": 0, "vh_tp": 0, "credit": 2.01, "coefficient": 1, "volume_horaire": 41}], "credit_ue": "5.00", "coefficient_ue": "2.50", "semestre": "S2", "annee": "L1", "licence": 1, "specialite": 2, "description": "", "date_creation": "2026-04-22T04:57:52.395Z", "date_modification": "2026-04-22T04:58:10.337Z"}}, {"model": "academique.module", "pk": 268, "fields": {"nom": "UE6 : Langue et informatique", "code": null, "matieres": [{"nom": "Anglais 2", "type": "cours", "vh_ci": 0, "vh_td": 0, "vh_tp": 0, "credit": 2, "coefficient": 1, "volume_horaire": 21}, {"nom": "C2i1", "type": "cours", "vh_ci": 0, "vh_td": 0, "vh_tp": 0, "credit": 3, "coefficient": 1.5, "volume_horaire": 21}], "credit_ue": "5.00", "coefficient_ue": "2.50", "semestre": "S2", "annee": "L1", "licence": 1, "specialite": 2, "description": "", "date_creation": "2026-04-22T04:59:28.731Z", "date_modification": "2026-04-22T05:00:17.791Z"}}, {"model": "academique.module", "pk": 269, "fields": {"nom": "UE : Management", "code": null, "matieres": [{"nom": "Fondamentaux du Management", "type": "cours", "vh_ci": 0, "vh_td": 21, "vh_tp": 0, "credit": 5, "coefficient": 2.5, "volume_horaire": 42}], "credit_ue": "5.00", "coefficient_ue": "2.50", "semestre": "S3", "annee": "L2", "licence": 1, "specialite": 2, "description": "", "date_creation": "2026-04-22T05:02:07.439Z", "date_modification": "2026-04-22T05:08:49.843Z"}}, {"model": "academique.module", "pk": 270, "fields": {"nom": "UE :Comptabilité de gestion", "code": null, "matieres": [{"nom": "Comptabilité de gestion", "type": "cours_td", "vh_ci": 0, "vh_td": 21, "vh_tp": 0, "credit": 5, "coefficient": 2.5, "volume_horaire": 42}], "credit_ue": "5.00", "coefficient_ue": "2.50", "semestre": "S3", "annee": "L2", "licence": 1, "specialite": 2, "description": "", "date_creation": "2026-04-22T05:03:01.236Z", "date_modification": "2026-04-22T05:03:01.236Z"}}, {"model": "academique.module", "pk": 271, "fields": {"nom": "UE : Marketing", "code": null, "matieres": [{"nom": "Fondamentaux du Marketing", "type": "cours_td", "vh_ci": 0, "vh_td": 21, "vh_tp": 0, "credit": 5, "coefficient": 2.5, "volume_horaire": 42}], "credit_ue": "5.00", "coefficient_ue": "2.50", "semestre": "S3", "annee": "L2", "licence": 1, "specialite": 2, "description": "", "date_creation": "2026-04-22T05:03:41.214Z", "date_modification": "2026-04-22T05:03:41.214Z"}}, {"model": "academique.module", "pk": 272, "fields": {"nom": "UE : Activité Pratique", "code": null, "matieres": [{"nom": "Cycle de conferences", "type": "cours", "vh_ci": 0, "vh_td": 0, "vh_tp": 0, "credit": 5, "coefficient": 2.5, "volume_horaire": 21}], "credit_ue": "5.00", "coefficient_ue": "2.50", "semestre": "S3", "annee": "L2", "licence": 1, "specialite": 2, "description": "", "date_creation": "2026-04-22T05:04:13.397Z", "date_modification": "2026-04-22T05:04:13.397Z"}}, {"model": "academique.module", "pk": 273, "fields": {"nom": "UE : Langue et soft skills", "code": null, "matieres": [{"nom": " Anglais III", "type": "cours", "vh_ci": 0, "vh_td": 0, "vh_tp": 0, "credit": 2, "coefficient": 1, "volume_horaire": 21}, {"nom": "Techniques de communication interpersonnelle", "type": "cours", "vh_ci": 0, "vh_td": 0, "vh_tp": 0, "credit": 3, "coefficient": 1.5, "volume_horaire": 21}], "credit_ue": "5.00", "coefficient_ue": "2.50", "semestre": "S3", "annee": "L2", "licence": 1, "specialite": 2, "description": "", "date_creation": "2026-04-22T05:05:27.701Z", "date_modification": "2026-04-22T05:05:27.701Z"}}, {"model": "academique.module", "pk": 274, "fields": {"nom": "UEO : Fiscalité et Statistiques", "code": null, "matieres": [{"nom": "Fiscalité", "type": "cours_td", "vh_ci": 0, "vh_td": 21, "vh_tp": 0, "credit": 3, "coefficient": 1.5, "volume_horaire": 42}, {"nom": "Statistique Inférentielle", "type": "cours_td", "vh_ci": 0, "vh_td": 21, "vh_tp": 0, "credit": 2, "coefficient": 1, "volume_horaire": 42}], "credit_ue": "5.00", "coefficient_ue": "2.50", "semestre": "S3", "annee": "L2", "licence": 1, "specialite": 2, "description": "", "date_creation": "2026-04-22T05:08:32.944Z", "date_modification": "2026-04-22T05:08:32.944Z"}}, {"model": "academique.module", "pk": 275, "fields": {"nom": "UE : Gestion des Ressources  Humaines", "code": null, "matieres": [{"nom": "Fondamentaux de la GRH ", "type": "cours_td", "vh_ci": 0, "vh_td": 21, "vh_tp": 0, "credit": 5, "coefficient": 2.5, "volume_horaire": 42}], "credit_ue": "5.00", "coefficient_ue": "2.50", "semestre": "S4", "annee": "L2", "licence": 1, "specialite": 2, "description": "", "date_creation": "2026-04-22T05:10:05.635Z", "date_modification": "2026-04-22T05:10:05.635Z"}}, {"model": "academique.module", "pk": 276, "fields": {"nom": "UE : Finance", "code": null, "matieres": [{"nom": "Diagnostic Financier ", "type": "cours_td", "vh_ci": 0, "vh_td": 21, "vh_tp": 0, "credit": 5, "coefficient": 2.5, "volume_horaire": 42}], "credit_ue": "5.00", "coefficient_ue": "2.50", "semestre": "S4", "annee": "L2", "licence": 1, "specialite": 2, "description": "", "date_creation": "2026-04-22T05:10:50.153Z", "date_modification": "2026-04-22T05:10:50.153Z"}}, {"model": "academique.module", "pk": 277, "fields": {"nom": "UE : Gestion de la Production", "code": null, "matieres": [{"nom": "Gestion de la Production ", "type": "cours_td", "vh_ci": 0, "vh_td": 21, "vh_tp": 0, "credit": 5, "coefficient": 2.5, "volume_horaire": 42}], "credit_ue": "5.00", "coefficient_ue": "2.50", "semestre": "S4", "annee": "L2", "licence": 1, "specialite": 2, "description": "", "date_creation": "2026-04-22T05:11:37.782Z", "date_modification": "2026-04-22T05:11:37.782Z"}}, {"model": "academique.module", "pk": 278, "fields": {"nom": "UE : Activité Pratique", "code": null, "matieres": [{"nom": "Méthodologie d’Elaboration d’un Rapport de Stage", "type": "cours", "vh_ci": 0, "vh_td": 0, "vh_tp": 0, "credit": 5, "coefficient": 2.5, "volume_horaire": 21}], "credit_ue": "5.00", "coefficient_ue": "2.50", "semestre": "S4", "annee": "L2", "licence": 1, "specialite": 2, "description": "", "date_creation": "2026-04-22T05:12:34.099Z", "date_modification": "2026-04-22T05:12:34.099Z"}}, {"model": "academique.module", "pk": 279, "fields": {"nom": "UE : Langue et soft skills", "code": null, "matieres": [{"nom": "\t Anglais IV ", "type": "cours", "vh_ci": 0, "vh_td": 0, "vh_tp": 0, "credit": 2, "coefficient": 1, "volume_horaire": 21}, {"nom": "Coaching d’équipe et Leadership ", "type": "cours", "vh_ci": 0, "vh_td": 0, "vh_tp": 0, "credit": 3, "coefficient": 1.5, "volume_horaire": 21}], "credit_ue": "5.00", "coefficient_ue": "2.50", "semestre": "S4", "annee": "L2", "licence": 1, "specialite": 2, "description": "", "date_creation": "2026-04-22T05:13:50.179Z", "date_modification": "2026-04-22T05:13:50.179Z"}}, {"model": "academique.module", "pk": 280, "fields": {"nom": "UEO : Digitalisation de l’entreprise et économie d’affaire  Lot 1", "code": null, "matieres": [{"nom": "Transformation digitale de l’entreprise ", "type": "cours_td", "vh_ci": 0, "vh_td": 21, "vh_tp": 0, "credit": 3, "coefficient": 1.5, "volume_horaire": 42}, {"nom": "Economie d’affaire ", "type": "cours_td", "vh_ci": 0, "vh_td": 21, "vh_tp": 0, "credit": 2, "coefficient": 1, "volume_horaire": 42}], "credit_ue": "5.00", "coefficient_ue": "2.50", "semestre": "S4", "annee": "L2", "licence": 1, "specialite": 2, "description": "", "date_creation": "2026-04-22T05:15:17.649Z", "date_modification": "2026-04-22T05:15:17.649Z"}}, {"model": "academique.module", "pk": 281, "fields": {"nom": "UE1 : Principes de Gestion", "code": null, "matieres": [{"nom": "UE1 : Principes de Gestion", "type": "cours_td", "vh_ci": 63, "vh_td": 21, "vh_tp": 0, "credit": 5, "coefficient": 2.5, "volume_horaire": 42}], "credit_ue": "5.00", "coefficient_ue": "2.50", "semestre": "S1", "annee": "L1", "licence": 1, "specialite": 3, "description": "", "date_creation": "2026-04-22T05:20:40.357Z", "date_modification": "2026-04-22T05:20:40.357Z"}}, {"model": "academique.module", "pk": 282, "fields": {"nom": "UE1 : Principes de Gestion", "code": null, "matieres": [{"nom": "UE1 : Principes de Gestion", "type": "cours_td", "vh_ci": 63, "vh_td": 21, "vh_tp": 0, "credit": 5, "coefficient": 2.5, "volume_horaire": 42}], "credit_ue": "5.00", "coefficient_ue": "2.50", "semestre": "S1", "annee": "L1", "licence": 1, "specialite": 4, "description": "", "date_creation": "2026-04-22T05:20:40.384Z", "date_modification": "2026-04-22T05:20:40.384Z"}}, {"model": "academique.module", "pk": 283, "fields": {"nom": "UE2 : Comptabilité", "code": null, "matieres": [{"nom": "Comptabilité Financière 1", "type": "cours_td", "vh_ci": 63, "vh_td": 21, "vh_tp": 0, "credit": 5, "coefficient": 2.5, "volume_horaire": 42}], "credit_ue": "5.00", "coefficient_ue": "2.50", "semestre": "S1", "annee": "L1", "licence": 1, "specialite": 3, "description": "", "date_creation": "2026-04-22T05:20:40.391Z", "date_modification": "2026-04-22T05:20:40.391Z"}}, {"model": "academique.module", "pk": 284, "fields": {"nom": "UE2 : Comptabilité", "code": null, "matieres": [{"nom": "Comptabilité Financière 1", "type": "cours_td", "vh_ci": 63, "vh_td": 21, "vh_tp": 0, "credit": 5, "coefficient": 2.5, "volume_horaire": 42}], "credit_ue": "5.00", "coefficient_ue": "2.50", "semestre": "S1", "annee": "L1", "licence": 1, "specialite": 4, "description": "", "date_creation": "2026-04-22T05:20:40.396Z", "date_modification": "2026-04-22T05:20:40.396Z"}}, {"model": "academique.module", "pk": 285, "fields": {"nom": "UE3 : Principes d’économie", "code": null, "matieres": [{"nom": "Microéconomie", "type": "cours_td", "vh_ci": 0, "vh_td": 21, "vh_tp": 0, "credit": 5, "coefficient": 2.5, "volume_horaire": 42}], "credit_ue": "5.00", "coefficient_ue": "2.50", "semestre": "S1", "annee": "L1", "licence": 1, "specialite": 3, "description": "", "date_creation": "2026-04-22T05:20:40.401Z", "date_modification": "2026-04-22T05:20:40.401Z"}}, {"model": "academique.module", "pk": 286, "fields": {"nom": "UE3 : Principes d’économie", "code": null, "matieres": [{"nom": "Microéconomie", "type": "cours_td", "vh_ci": 0, "vh_td": 21, "vh_tp": 0, "credit": 5, "coefficient": 2.5, "volume_horaire": 42}], "credit_ue": "5.00", "coefficient_ue": "2.50", "semestre": "S1", "annee": "L1", "licence": 1, "specialite": 4, "description": "", "date_creation": "2026-04-22T05:20:40.406Z", "date_modification": "2026-04-22T05:20:40.406Z"}}, {"model": "academique.module", "pk": 287, "fields": {"nom": "UE4 : Mathématiques", "code": null, "matieres": [{"nom": "Mathématiques 1", "type": "cours_td", "vh_ci": 0, "vh_td": 21, "vh_tp": 0, "credit": 5, "coefficient": 2.5, "volume_horaire": 42}], "credit_ue": "5.00", "coefficient_ue": "2.50", "semestre": "S1", "annee": "L1", "licence": 1, "specialite": 3, "description": "", "date_creation": "2026-04-22T05:20:40.411Z", "date_modification": "2026-04-22T05:20:40.411Z"}}, {"model": "academique.module", "pk": 288, "fields": {"nom": "UE4 : Mathématiques", "code": null, "matieres": [{"nom": "Mathématiques 1", "type": "cours_td", "vh_ci": 0, "vh_td": 21, "vh_tp": 0, "credit": 5, "coefficient": 2.5, "volume_horaire": 42}], "credit_ue": "5.00", "coefficient_ue": "2.50", "semestre": "S1", "annee": "L1", "licence": 1, "specialite": 4, "description": "", "date_creation": "2026-04-22T05:20:40.417Z", "date_modification": "2026-04-22T05:20:40.417Z"}}, {"model": "academique.module", "pk": 289, "fields": {"nom": "UE5 : Droit et calcul financiers", "code": null, "matieres": [{"nom": "Introduction au Droit", "type": "cours", "vh_ci": 0, "vh_td": 0, "vh_tp": 0, "credit": 2, "coefficient": 1, "volume_horaire": 42}, {"nom": "Mathématiques Financières", "type": "cours_td", "vh_ci": 42, "vh_td": 21, "vh_tp": 0, "credit": 3, "coefficient": 1.5, "volume_horaire": 21}], "credit_ue": "5.00", "coefficient_ue": "2.50", "semestre": "S1", "annee": "L1", "licence": 1, "specialite": 3, "description": "", "date_creation": "2026-04-22T05:20:40.421Z", "date_modification": "2026-04-22T05:20:40.421Z"}}, {"model": "academique.module", "pk": 290, "fields": {"nom": "UE5 : Droit et calcul financiers", "code": null, "matieres": [{"nom": "Introduction au Droit", "type": "cours", "vh_ci": 0, "vh_td": 0, "vh_tp": 0, "credit": 2, "coefficient": 1, "volume_horaire": 42}, {"nom": "Mathématiques Financières", "type": "cours_td", "vh_ci": 42, "vh_td": 21, "vh_tp": 0, "credit": 3, "coefficient": 1.5, "volume_horaire": 21}], "credit_ue": "5.00", "coefficient_ue": "2.50", "semestre": "S1", "annee": "L1", "licence": 1, "specialite": 4, "description": "", "date_creation": "2026-04-22T05:20:40.426Z", "date_modification": "2026-04-22T05:20:40.426Z"}}, {"model": "academique.module", "pk": 291, "fields": {"nom": "UE6 : Langue et informatique", "code": null, "matieres": [{"nom": "Anglais 1", "type": "cours", "vh_ci": 0, "vh_td": 0, "vh_tp": 0, "credit": 2, "coefficient": 1, "volume_horaire": 21}, {"nom": "C2i1", "type": "cours", "vh_ci": 21, "vh_td": 0, "vh_tp": 0, "credit": 3, "coefficient": 1.5, "volume_horaire": 21}], "credit_ue": "5.00", "coefficient_ue": "2.50", "semestre": "S1", "annee": "L1", "licence": 1, "specialite": 3, "description": "", "date_creation": "2026-04-22T05:20:40.430Z", "date_modification": "2026-04-22T05:20:40.430Z"}}, {"model": "academique.module", "pk": 292, "fields": {"nom": "UE6 : Langue et informatique", "code": null, "matieres": [{"nom": "Anglais 1", "type": "cours", "vh_ci": 0, "vh_td": 0, "vh_tp": 0, "credit": 2, "coefficient": 1, "volume_horaire": 21}, {"nom": "C2i1", "type": "cours", "vh_ci": 21, "vh_td": 0, "vh_tp": 0, "credit": 3, "coefficient": 1.5, "volume_horaire": 21}], "credit_ue": "5.00", "coefficient_ue": "2.50", "semestre": "S1", "annee": "L1", "licence": 1, "specialite": 4, "description": "", "date_creation": "2026-04-22T05:20:40.437Z", "date_modification": "2026-04-22T05:20:40.437Z"}}, {"model": "academique.module", "pk": 293, "fields": {"nom": "UE1 : Principes de Gestion", "code": null, "matieres": [{"nom": "Principes de Gestion 1", "type": "cours_td", "vh_ci": 0, "vh_td": 21, "vh_tp": 0, "credit": 5, "coefficient": 2.5, "volume_horaire": 42}], "credit_ue": "5.00", "coefficient_ue": "2.50", "semestre": "S2", "annee": "L1", "licence": 1, "specialite": 3, "description": "", "date_creation": "2026-04-22T05:20:40.442Z", "date_modification": "2026-04-22T05:20:40.442Z"}}, {"model": "academique.module", "pk": 294, "fields": {"nom": "UE1 : Principes de Gestion", "code": null, "matieres": [{"nom": "Principes de Gestion 1", "type": "cours_td", "vh_ci": 0, "vh_td": 21, "vh_tp": 0, "credit": 5, "coefficient": 2.5, "volume_horaire": 42}], "credit_ue": "5.00", "coefficient_ue": "2.50", "semestre": "S2", "annee": "L1", "licence": 1, "specialite": 4, "description": "", "date_creation": "2026-04-22T05:20:40.446Z", "date_modification": "2026-04-22T05:20:40.446Z"}}, {"model": "academique.module", "pk": 295, "fields": {"nom": "UE2 : Comptabilité", "code": null, "matieres": [{"nom": "Comptabilité Financière 2", "type": "cours_td", "vh_ci": 0, "vh_td": 21, "vh_tp": 0, "credit": 5, "coefficient": 2.5, "volume_horaire": 42}], "credit_ue": "5.00", "coefficient_ue": "2.50", "semestre": "S2", "annee": "L1", "licence": 1, "specialite": 3, "description": "", "date_creation": "2026-04-22T05:20:40.451Z", "date_modification": "2026-04-22T05:20:40.451Z"}}, {"model": "academique.module", "pk": 296, "fields": {"nom": "UE2 : Comptabilité", "code": null, "matieres": [{"nom": "Comptabilité Financière 2", "type": "cours_td", "vh_ci": 0, "vh_td": 21, "vh_tp": 0, "credit": 5, "coefficient": 2.5, "volume_horaire": 42}], "credit_ue": "5.00", "coefficient_ue": "2.50", "semestre": "S2", "annee": "L1", "licence": 1, "specialite": 4, "description": "", "date_creation": "2026-04-22T05:20:40.456Z", "date_modification": "2026-04-22T05:20:40.456Z"}}, {"model": "academique.module", "pk": 297, "fields": {"nom": "UE3 : Mathématiques", "code": null, "matieres": [{"nom": "Mathématiques 2", "type": "cours_td", "vh_ci": 0, "vh_td": 21, "vh_tp": 0, "credit": 5, "coefficient": 2.5, "volume_horaire": 42}], "credit_ue": "5.00", "coefficient_ue": "2.50", "semestre": "S2", "annee": "L1", "licence": 1, "specialite": 3, "description": "", "date_creation": "2026-04-22T05:20:40.461Z", "date_modification": "2026-04-22T05:20:40.461Z"}}, {"model": "academique.module", "pk": 298, "fields": {"nom": "UE3 : Mathématiques", "code": null, "matieres": [{"nom": "Mathématiques 2", "type": "cours_td", "vh_ci": 0, "vh_td": 21, "vh_tp": 0, "credit": 5, "coefficient": 2.5, "volume_horaire": 42}], "credit_ue": "5.00", "coefficient_ue": "2.50", "semestre": "S2", "annee": "L1", "licence": 1, "specialite": 4, "description": "", "date_creation": "2026-04-22T05:20:40.467Z", "date_modification": "2026-04-22T05:20:40.467Z"}}, {"model": "academique.module", "pk": 299, "fields": {"nom": "UE4 : Statistiques", "code": null, "matieres": [{"nom": "Statistique descriptive et calculs de probabilité", "type": "cours", "vh_ci": 0, "vh_td": 21, "vh_tp": 0, "credit": 5, "coefficient": 2.5, "volume_horaire": 42}], "credit_ue": "5.00", "coefficient_ue": "2.50", "semestre": "S2", "annee": "L1", "licence": 1, "specialite": 3, "description": "", "date_creation": "2026-04-22T05:20:40.471Z", "date_modification": "2026-04-22T05:20:40.471Z"}}, {"model": "academique.module", "pk": 300, "fields": {"nom": "UE4 : Statistiques", "code": null, "matieres": [{"nom": "Statistique descriptive et calculs de probabilité", "type": "cours", "vh_ci": 0, "vh_td": 21, "vh_tp": 0, "credit": 5, "coefficient": 2.5, "volume_horaire": 42}], "credit_ue": "5.00", "coefficient_ue": "2.50", "semestre": "S2", "annee": "L1", "licence": 1, "specialite": 4, "description": "", "date_creation": "2026-04-22T05:20:40.476Z", "date_modification": "2026-04-22T05:20:40.476Z"}}, {"model": "academique.module", "pk": 301, "fields": {"nom": "UE5 : Macroéconomie et Droit", "code": null, "matieres": [{"nom": "Macroéconomie", "type": "cours", "vh_ci": 0, "vh_td": 0, "vh_tp": 0, "credit": 3, "coefficient": 1.5, "volume_horaire": 42}, {"nom": "Droit des sociétés Commerciales", "type": "cours", "vh_ci": 0, "vh_td": 0, "vh_tp": 0, "credit": 2.01, "coefficient": 1, "volume_horaire": 41}], "credit_ue": "5.00", "coefficient_ue": "2.50", "semestre": "S2", "annee": "L1", "licence": 1, "specialite": 3, "description": "", "date_creation": "2026-04-22T05:20:40.479Z", "date_modification": "2026-04-22T05:20:40.479Z"}}, {"model": "academique.module", "pk": 302, "fields": {"nom": "UE5 : Macroéconomie et Droit", "code": null, "matieres": [{"nom": "Macroéconomie", "type": "cours", "vh_ci": 0, "vh_td": 0, "vh_tp": 0, "credit": 3, "coefficient": 1.5, "volume_horaire": 42}, {"nom": "Droit des sociétés Commerciales", "type": "cours", "vh_ci": 0, "vh_td": 0, "vh_tp": 0, "credit": 2.01, "coefficient": 1, "volume_horaire": 41}], "credit_ue": "5.00", "coefficient_ue": "2.50", "semestre": "S2", "annee": "L1", "licence": 1, "specialite": 4, "description": "", "date_creation": "2026-04-22T05:20:40.485Z", "date_modification": "2026-04-22T05:20:40.485Z"}}, {"model": "academique.module", "pk": 303, "fields": {"nom": "UE6 : Langue et informatique", "code": null, "matieres": [{"nom": "Anglais 2", "type": "cours", "vh_ci": 0, "vh_td": 0, "vh_tp": 0, "credit": 2, "coefficient": 1, "volume_horaire": 21}, {"nom": "C2i1", "type": "cours", "vh_ci": 0, "vh_td": 0, "vh_tp": 0, "credit": 3, "coefficient": 1.5, "volume_horaire": 21}], "credit_ue": "5.00", "coefficient_ue": "2.50", "semestre": "S2", "annee": "L1", "licence": 1, "specialite": 3, "description": "", "date_creation": "2026-04-22T05:20:40.491Z", "date_modification": "2026-04-22T05:20:40.491Z"}}, {"model": "academique.module", "pk": 304, "fields": {"nom": "UE6 : Langue et informatique", "code": null, "matieres": [{"nom": "Anglais 2", "type": "cours", "vh_ci": 0, "vh_td": 0, "vh_tp": 0, "credit": 2, "coefficient": 1, "volume_horaire": 21}, {"nom": "C2i1", "type": "cours", "vh_ci": 0, "vh_td": 0, "vh_tp": 0, "credit": 3, "coefficient": 1.5, "volume_horaire": 21}], "credit_ue": "5.00", "coefficient_ue": "2.50", "semestre": "S2", "annee": "L1", "licence": 1, "specialite": 4, "description": "", "date_creation": "2026-04-22T05:20:40.496Z", "date_modification": "2026-04-22T05:20:40.496Z"}}, {"model": "academique.module", "pk": 305, "fields": {"nom": "UE : Activité Pratique", "code": null, "matieres": [{"nom": "Cycle de conferences", "type": "cours", "vh_ci": 0, "vh_td": 0, "vh_tp": 0, "credit": 5, "coefficient": 2.5, "volume_horaire": 21}], "credit_ue": "5.00", "coefficient_ue": "2.50", "semestre": "S3", "annee": "L2", "licence": 1, "specialite": 3, "description": "", "date_creation": "2026-04-22T05:20:40.502Z", "date_modification": "2026-04-22T05:20:40.503Z"}}, {"model": "academique.module", "pk": 306, "fields": {"nom": "UE : Activité Pratique", "code": null, "matieres": [{"nom": "Cycle de conferences", "type": "cours", "vh_ci": 0, "vh_td": 0, "vh_tp": 0, "credit": 5, "coefficient": 2.5, "volume_horaire": 21}], "credit_ue": "5.00", "coefficient_ue": "2.50", "semestre": "S3", "annee": "L2", "licence": 1, "specialite": 4, "description": "", "date_creation": "2026-04-22T05:20:40.509Z", "date_modification": "2026-04-22T05:20:40.509Z"}}, {"model": "academique.module", "pk": 307, "fields": {"nom": "UE : Langue et soft skills", "code": null, "matieres": [{"nom": " Anglais III", "type": "cours", "vh_ci": 0, "vh_td": 0, "vh_tp": 0, "credit": 2, "coefficient": 1, "volume_horaire": 21}, {"nom": "Techniques de communication interpersonnelle", "type": "cours", "vh_ci": 0, "vh_td": 0, "vh_tp": 0, "credit": 3, "coefficient": 1.5, "volume_horaire": 21}], "credit_ue": "5.00", "coefficient_ue": "2.50", "semestre": "S3", "annee": "L2", "licence": 1, "specialite": 3, "description": "", "date_creation": "2026-04-22T05:20:40.516Z", "date_modification": "2026-04-22T05:20:40.516Z"}}, {"model": "academique.module", "pk": 308, "fields": {"nom": "UE : Langue et soft skills", "code": null, "matieres": [{"nom": " Anglais III", "type": "cours", "vh_ci": 0, "vh_td": 0, "vh_tp": 0, "credit": 2, "coefficient": 1, "volume_horaire": 21}, {"nom": "Techniques de communication interpersonnelle", "type": "cours", "vh_ci": 0, "vh_td": 0, "vh_tp": 0, "credit": 3, "coefficient": 1.5, "volume_horaire": 21}], "credit_ue": "5.00", "coefficient_ue": "2.50", "semestre": "S3", "annee": "L2", "licence": 1, "specialite": 4, "description": "", "date_creation": "2026-04-22T05:20:40.520Z", "date_modification": "2026-04-22T05:20:40.520Z"}}, {"model": "academique.module", "pk": 309, "fields": {"nom": "UE : Management", "code": null, "matieres": [{"nom": "Fondamentaux du Management", "type": "cours", "vh_ci": 0, "vh_td": 21, "vh_tp": 0, "credit": 5, "coefficient": 2.5, "volume_horaire": 42}], "credit_ue": "5.00", "coefficient_ue": "2.50", "semestre": "S3", "annee": "L2", "licence": 1, "specialite": 3, "description": "", "date_creation": "2026-04-22T05:20:40.525Z", "date_modification": "2026-04-22T05:20:40.525Z"}}, {"model": "academique.module", "pk": 310, "fields": {"nom": "UE : Management", "code": null, "matieres": [{"nom": "Fondamentaux du Management", "type": "cours", "vh_ci": 0, "vh_td": 21, "vh_tp": 0, "credit": 5, "coefficient": 2.5, "volume_horaire": 42}], "credit_ue": "5.00", "coefficient_ue": "2.50", "semestre": "S3", "annee": "L2", "licence": 1, "specialite": 4, "description": "", "date_creation": "2026-04-22T05:20:40.531Z", "date_modification": "2026-04-22T05:20:40.531Z"}}, {"model": "academique.module", "pk": 311, "fields": {"nom": "UE : Marketing", "code": null, "matieres": [{"nom": "Fondamentaux du Marketing", "type": "cours_td", "vh_ci": 0, "vh_td": 21, "vh_tp": 0, "credit": 5, "coefficient": 2.5, "volume_horaire": 42}], "credit_ue": "5.00", "coefficient_ue": "2.50", "semestre": "S3", "annee": "L2", "licence": 1, "specialite": 3, "description": "", "date_creation": "2026-04-22T05:20:40.536Z", "date_modification": "2026-04-22T05:20:40.536Z"}}, {"model": "academique.module", "pk": 312, "fields": {"nom": "UE : Marketing", "code": null, "matieres": [{"nom": "Fondamentaux du Marketing", "type": "cours_td", "vh_ci": 0, "vh_td": 21, "vh_tp": 0, "credit": 5, "coefficient": 2.5, "volume_horaire": 42}], "credit_ue": "5.00", "coefficient_ue": "2.50", "semestre": "S3", "annee": "L2", "licence": 1, "specialite": 4, "description": "", "date_creation": "2026-04-22T05:20:40.541Z", "date_modification": "2026-04-22T05:20:40.541Z"}}, {"model": "academique.module", "pk": 313, "fields": {"nom": "UE :Comptabilité de gestion", "code": null, "matieres": [{"nom": "Comptabilité de gestion", "type": "cours_td", "vh_ci": 0, "vh_td": 21, "vh_tp": 0, "credit": 5, "coefficient": 2.5, "volume_horaire": 42}], "credit_ue": "5.00", "coefficient_ue": "2.50", "semestre": "S3", "annee": "L2", "licence": 1, "specialite": 3, "description": "", "date_creation": "2026-04-22T05:20:40.545Z", "date_modification": "2026-04-22T05:20:40.545Z"}}, {"model": "academique.module", "pk": 314, "fields": {"nom": "UE :Comptabilité de gestion", "code": null, "matieres": [{"nom": "Comptabilité de gestion", "type": "cours_td", "vh_ci": 0, "vh_td": 21, "vh_tp": 0, "credit": 5, "coefficient": 2.5, "volume_horaire": 42}], "credit_ue": "5.00", "coefficient_ue": "2.50", "semestre": "S3", "annee": "L2", "licence": 1, "specialite": 4, "description": "", "date_creation": "2026-04-22T05:20:40.550Z", "date_modification": "2026-04-22T05:20:40.550Z"}}, {"model": "academique.module", "pk": 315, "fields": {"nom": "UEO : Fiscalité et Statistiques", "code": null, "matieres": [{"nom": "Fiscalité", "type": "cours_td", "vh_ci": 0, "vh_td": 21, "vh_tp": 0, "credit": 3, "coefficient": 1.5, "volume_horaire": 42}, {"nom": "Statistique Inférentielle", "type": "cours_td", "vh_ci": 0, "vh_td": 21, "vh_tp": 0, "credit": 2, "coefficient": 1, "volume_horaire": 42}], "credit_ue": "5.00", "coefficient_ue": "2.50", "semestre": "S3", "annee": "L2", "licence": 1, "specialite": 3, "description": "", "date_creation": "2026-04-22T05:20:40.554Z", "date_modification": "2026-04-22T05:20:40.554Z"}}, {"model": "academique.module", "pk": 316, "fields": {"nom": "UEO : Fiscalité et Statistiques", "code": null, "matieres": [{"nom": "Fiscalité", "type": "cours_td", "vh_ci": 0, "vh_td": 21, "vh_tp": 0, "credit": 3, "coefficient": 1.5, "volume_horaire": 42}, {"nom": "Statistique Inférentielle", "type": "cours_td", "vh_ci": 0, "vh_td": 21, "vh_tp": 0, "credit": 2, "coefficient": 1, "volume_horaire": 42}], "credit_ue": "5.00", "coefficient_ue": "2.50", "semestre": "S3", "annee": "L2", "licence": 1, "specialite": 4, "description": "", "date_creation": "2026-04-22T05:20:40.559Z", "date_modification": "2026-04-22T05:20:40.559Z"}}, {"model": "academique.module", "pk": 317, "fields": {"nom": "UE : Activité Pratique", "code": null, "matieres": [{"nom": "Méthodologie d’Elaboration d’un Rapport de Stage", "type": "cours", "vh_ci": 0, "vh_td": 0, "vh_tp": 0, "credit": 5, "coefficient": 2.5, "volume_horaire": 21}], "credit_ue": "5.00", "coefficient_ue": "2.50", "semestre": "S4", "annee": "L2", "licence": 1, "specialite": 3, "description": "", "date_creation": "2026-04-22T05:20:40.563Z", "date_modification": "2026-04-22T05:20:40.563Z"}}, {"model": "academique.module", "pk": 318, "fields": {"nom": "UE : Activité Pratique", "code": null, "matieres": [{"nom": "Méthodologie d’Elaboration d’un Rapport de Stage", "type": "cours", "vh_ci": 0, "vh_td": 0, "vh_tp": 0, "credit": 5, "coefficient": 2.5, "volume_horaire": 21}], "credit_ue": "5.00", "coefficient_ue": "2.50", "semestre": "S4", "annee": "L2", "licence": 1, "specialite": 4, "description": "", "date_creation": "2026-04-22T05:20:40.568Z", "date_modification": "2026-04-22T05:20:40.568Z"}}, {"model": "academique.module", "pk": 319, "fields": {"nom": "UE : Finance", "code": null, "matieres": [{"nom": "Diagnostic Financier ", "type": "cours_td", "vh_ci": 0, "vh_td": 21, "vh_tp": 0, "credit": 5, "coefficient": 2.5, "volume_horaire": 42}], "credit_ue": "5.00", "coefficient_ue": "2.50", "semestre": "S4", "annee": "L2", "licence": 1, "specialite": 3, "description": "", "date_creation": "2026-04-22T05:20:40.574Z", "date_modification": "2026-04-22T05:20:40.574Z"}}, {"model": "academique.module", "pk": 320, "fields": {"nom": "UE : Finance", "code": null, "matieres": [{"nom": "Diagnostic Financier ", "type": "cours_td", "vh_ci": 0, "vh_td": 21, "vh_tp": 0, "credit": 5, "coefficient": 2.5, "volume_horaire": 42}], "credit_ue": "5.00", "coefficient_ue": "2.50", "semestre": "S4", "annee": "L2", "licence": 1, "specialite": 4, "description": "", "date_creation": "2026-04-22T05:20:40.578Z", "date_modification": "2026-04-22T05:20:40.578Z"}}, {"model": "academique.module", "pk": 321, "fields": {"nom": "UE : Gestion de la Production", "code": null, "matieres": [{"nom": "Gestion de la Production ", "type": "cours_td", "vh_ci": 0, "vh_td": 21, "vh_tp": 0, "credit": 5, "coefficient": 2.5, "volume_horaire": 42}], "credit_ue": "5.00", "coefficient_ue": "2.50", "semestre": "S4", "annee": "L2", "licence": 1, "specialite": 3, "description": "", "date_creation": "2026-04-22T05:20:40.584Z", "date_modification": "2026-04-22T05:20:40.584Z"}}, {"model": "academique.module", "pk": 322, "fields": {"nom": "UE : Gestion de la Production", "code": null, "matieres": [{"nom": "Gestion de la Production ", "type": "cours_td", "vh_ci": 0, "vh_td": 21, "vh_tp": 0, "credit": 5, "coefficient": 2.5, "volume_horaire": 42}], "credit_ue": "5.00", "coefficient_ue": "2.50", "semestre": "S4", "annee": "L2", "licence": 1, "specialite": 4, "description": "", "date_creation": "2026-04-22T05:20:40.590Z", "date_modification": "2026-04-22T05:20:40.590Z"}}, {"model": "academique.module", "pk": 323, "fields": {"nom": "UE : Gestion des Ressources  Humaines", "code": null, "matieres": [{"nom": "Fondamentaux de la GRH ", "type": "cours_td", "vh_ci": 0, "vh_td": 21, "vh_tp": 0, "credit": 5, "coefficient": 2.5, "volume_horaire": 42}], "credit_ue": "5.00", "coefficient_ue": "2.50", "semestre": "S4", "annee": "L2", "licence": 1, "specialite": 3, "description": "", "date_creation": "2026-04-22T05:20:40.597Z", "date_modification": "2026-04-22T05:20:40.597Z"}}, {"model": "academique.module", "pk": 324, "fields": {"nom": "UE : Gestion des Ressources  Humaines", "code": null, "matieres": [{"nom": "Fondamentaux de la GRH ", "type": "cours_td", "vh_ci": 0, "vh_td": 21, "vh_tp": 0, "credit": 5, "coefficient": 2.5, "volume_horaire": 42}], "credit_ue": "5.00", "coefficient_ue": "2.50", "semestre": "S4", "annee": "L2", "licence": 1, "specialite": 4, "description": "", "date_creation": "2026-04-22T05:20:40.603Z", "date_modification": "2026-04-22T05:20:40.603Z"}}, {"model": "academique.module", "pk": 325, "fields": {"nom": "UE : Langue et soft skills", "code": null, "matieres": [{"nom": "\t Anglais IV ", "type": "cours", "vh_ci": 0, "vh_td": 0, "vh_tp": 0, "credit": 2, "coefficient": 1, "volume_horaire": 21}, {"nom": "Coaching d’équipe et Leadership ", "type": "cours", "vh_ci": 0, "vh_td": 0, "vh_tp": 0, "credit": 3, "coefficient": 1.5, "volume_horaire": 21}], "credit_ue": "5.00", "coefficient_ue": "2.50", "semestre": "S4", "annee": "L2", "licence": 1, "specialite": 3, "description": "", "date_creation": "2026-04-22T05:20:40.609Z", "date_modification": "2026-04-22T05:20:40.609Z"}}, {"model": "academique.module", "pk": 326, "fields": {"nom": "UE : Langue et soft skills", "code": null, "matieres": [{"nom": "\t Anglais IV ", "type": "cours", "vh_ci": 0, "vh_td": 0, "vh_tp": 0, "credit": 2, "coefficient": 1, "volume_horaire": 21}, {"nom": "Coaching d’équipe et Leadership ", "type": "cours", "vh_ci": 0, "vh_td": 0, "vh_tp": 0, "credit": 3, "coefficient": 1.5, "volume_horaire": 21}], "credit_ue": "5.00", "coefficient_ue": "2.50", "semestre": "S4", "annee": "L2", "licence": 1, "specialite": 4, "description": "", "date_creation": "2026-04-22T05:20:40.614Z", "date_modification": "2026-04-22T05:20:40.614Z"}}, {"model": "academique.module", "pk": 327, "fields": {"nom": "UEO : Digitalisation de l’entreprise et économie d’affaire  Lot 1", "code": null, "matieres": [{"nom": "Transformation digitale de l’entreprise ", "type": "cours_td", "vh_ci": 0, "vh_td": 21, "vh_tp": 0, "credit": 3, "coefficient": 1.5, "volume_horaire": 42}, {"nom": "Economie d’affaire ", "type": "cours_td", "vh_ci": 0, "vh_td": 21, "vh_tp": 0, "credit": 2, "coefficient": 1, "volume_horaire": 42}], "credit_ue": "5.00", "coefficient_ue": "2.50", "semestre": "S4", "annee": "L2", "licence": 1, "specialite": 3, "description": "", "date_creation": "2026-04-22T05:20:40.619Z", "date_modification": "2026-04-22T05:20:40.620Z"}}, {"model": "academique.module", "pk": 328, "fields": {"nom": "UEO : Digitalisation de l’entreprise et économie d’affaire  Lot 1", "code": null, "matieres": [{"nom": "Transformation digitale de l’entreprise ", "type": "cours_td", "vh_ci": 0, "vh_td": 21, "vh_tp": 0, "credit": 3, "coefficient": 1.5, "volume_horaire": 42}, {"nom": "Economie d’affaire ", "type": "cours_td", "vh_ci": 0, "vh_td": 21, "vh_tp": 0, "credit": 2, "coefficient": 1, "volume_horaire": 42}], "credit_ue": "5.00", "coefficient_ue": "2.50", "semestre": "S4", "annee": "L2", "licence": 1, "specialite": 4, "description": "", "date_creation": "2026-04-22T05:20:40.626Z", "date_modification": "2026-04-22T05:20:40.626Z"}}, {"model": "academique.module", "pk": 329, "fields": {"nom": "UE: Ingénierie Financière", "code": "UEF610", "matieres": [{"nom": "Ingénierie Financière et Montages Financiers", "type": "cours_td", "vh_ci": 0, "vh_td": 21, "vh_tp": 0, "credit": 5, "coefficient": 2.5, "volume_horaire": 42}], "credit_ue": "5.00", "coefficient_ue": "2.50", "semestre": "S6", "annee": "L3", "licence": 1, "specialite": 2, "description": null, "date_creation": "2026-04-22T05:33:47.625Z", "date_modification": "2026-04-22T05:33:47.625Z"}}, {"model": "academique.module", "pk": 330, "fields": {"nom": "UE: Politiques Financières", "code": "UEF620", "matieres": [{"nom": "Politiques Financières de l'entreprise", "type": "cours_td", "vh_ci": 0, "vh_td": 21, "vh_tp": 0, "credit": 4, "coefficient": 2.5, "volume_horaire": 42}], "credit_ue": "4.00", "coefficient_ue": "2.50", "semestre": "S6", "annee": "L3", "licence": 1, "specialite": 2, "description": null, "date_creation": "2026-04-22T05:33:47.725Z", "date_modification": "2026-04-22T05:33:47.725Z"}}, {"model": "academique.module", "pk": 331, "fields": {"nom": "UE: Contrôle de Gestion", "code": "UEF630", "matieres": [{"nom": "Contrôle de Gestion", "type": "cours_td", "vh_ci": 0, "vh_td": 21, "vh_tp": 0, "credit": 4, "coefficient": 2.5, "volume_horaire": 42}], "credit_ue": "4.00", "coefficient_ue": "2.50", "semestre": "S6", "annee": "L3", "licence": 1, "specialite": 2, "description": null, "date_creation": "2026-04-22T05:33:47.732Z", "date_modification": "2026-04-22T05:33:47.732Z"}}, {"model": "academique.module", "pk": 332, "fields": {"nom": "UE: Activité Pratique", "code": "UEF640", "matieres": [{"nom": "Projet de fin d'études (PFE)", "type": "cours", "vh_ci": 0, "vh_td": 0, "vh_tp": 0, "credit": 5, "coefficient": 2.5, "volume_horaire": 0}], "credit_ue": "5.00", "coefficient_ue": "2.50", "semestre": "S6", "annee": "L3", "licence": 1, "specialite": 2, "description": null, "date_creation": "2026-04-22T05:33:47.741Z", "date_modification": "2026-04-22T05:33:47.741Z"}}, {"model": "academique.module", "pk": 333, "fields": {"nom": "UE: Langue et soft skills", "code": "UET610", "matieres": [{"nom": "Français : rédaction professionnelle", "type": "cours", "vh_ci": 0, "vh_td": 0, "vh_tp": 0, "credit": 2, "coefficient": 1, "volume_horaire": 21}, {"nom": "Logiciels appliqués à la finance", "type": "cours", "vh_ci": 0, "vh_td": 0, "vh_tp": 0, "credit": 3, "coefficient": 1.5, "volume_horaire": 21}], "credit_ue": "5.00", "coefficient_ue": "2.50", "semestre": "S6", "annee": "L3", "licence": 1, "specialite": 2, "description": null, "date_creation": "2026-04-22T05:33:47.747Z", "date_modification": "2026-04-22T05:33:47.747Z"}}, {"model": "academique.module", "pk": 334, "fields": {"nom": "UEO : Banques et institutions financières", "code": "UE610", "matieres": [{"nom": "Gestion du risque de crédit", "type": "cours_td", "vh_ci": 0, "vh_td": 21, "vh_tp": 0, "credit": 0, "coefficient": 0, "volume_horaire": 42}, {"nom": "Banques islamiques", "type": "cours_td", "vh_ci": 0, "vh_td": 21, "vh_tp": 0, "credit": 0, "coefficient": 0, "volume_horaire": 42}], "credit_ue": "7.00", "coefficient_ue": "3.50", "semestre": "S6", "annee": "L3", "licence": 1, "specialite": 2, "description": null, "date_creation": "2026-04-22T05:33:47.754Z", "date_modification": "2026-04-22T05:33:47.754Z"}}, {"model": "academique.module", "pk": 335, "fields": {"nom": "UE : Théorie des organisations", "code": null, "matieres": [{"nom": "Théorie des organisations ", "type": "cours", "vh_ci": 0, "vh_td": 0, "vh_tp": 0, "credit": 4, "coefficient": 2, "volume_horaire": 42}], "credit_ue": "4.00", "coefficient_ue": "2.00", "semestre": "S5", "annee": "L3", "licence": 1, "specialite": 4, "description": "", "date_creation": "2026-04-23T00:53:36.491Z", "date_modification": "2026-04-23T00:53:36.493Z"}}, {"model": "academique.module", "pk": 336, "fields": {"nom": "UE : Analyses quantitatives et qualitatives", "code": null, "matieres": [{"nom": "Analyses quantitatives et qualitatives ", "type": "cours_td", "vh_ci": 0, "vh_td": 21, "vh_tp": 0, "credit": 5, "coefficient": 2.5, "volume_horaire": 42}], "credit_ue": "5.00", "coefficient_ue": "2.50", "semestre": "S5", "annee": "L3", "licence": 1, "specialite": 4, "description": "", "date_creation": "2026-04-23T00:54:55.410Z", "date_modification": "2026-04-23T00:54:55.410Z"}}, {"model": "academique.module", "pk": 337, "fields": {"nom": "UE : Management de Projet et de la Qualité", "code": null, "matieres": [{"nom": "Management de projet ", "type": "cours", "vh_ci": 0, "vh_td": 0, "vh_tp": 0, "credit": 3, "coefficient": 1.5, "volume_horaire": 42}, {"nom": " Management de la qualité et  certification ", "type": "cours", "vh_ci": 0, "vh_td": 0, "vh_tp": 0, "credit": 3, "coefficient": 1.5, "volume_horaire": 42}], "credit_ue": "6.00", "coefficient_ue": "3.00", "semestre": "S5", "annee": "L3", "licence": 1, "specialite": 4, "description": "", "date_creation": "2026-04-23T00:56:39.407Z", "date_modification": "2026-04-23T00:56:39.407Z"}}, {"model": "academique.module", "pk": 338, "fields": {"nom": "UE : Activité Pratique", "code": null, "matieres": [{"nom": "Etude de cas en management ", "type": "cours", "vh_ci": 0, "vh_td": 0, "vh_tp": 0, "credit": 5, "coefficient": 2.5, "volume_horaire": 42}], "credit_ue": "5.00", "coefficient_ue": "2.50", "semestre": "S5", "annee": "L3", "licence": 1, "specialite": 4, "description": "", "date_creation": "2026-04-23T00:57:40.569Z", "date_modification": "2026-04-23T00:57:40.569Z"}}, {"model": "academique.module", "pk": 339, "fields": {"nom": "UE : Langue et soft skills", "code": null, "matieres": [{"nom": "Anglais V ", "type": "cours", "vh_ci": 0, "vh_td": 0, "vh_tp": 0, "credit": 2, "coefficient": 1, "volume_horaire": 21}, {"nom": "Négociation et gestion des conflits ", "type": "cours", "vh_ci": 0, "vh_td": 0, "vh_tp": 0, "credit": 3, "coefficient": 1.5, "volume_horaire": 21}], "credit_ue": "5.00", "coefficient_ue": "2.50", "semestre": "S5", "annee": "L3", "licence": 1, "specialite": 4, "description": "", "date_creation": "2026-04-23T00:58:56.054Z", "date_modification": "2026-04-23T00:58:56.054Z"}}, {"model": "academique.module", "pk": 340, "fields": {"nom": "UE : Risque et responsabilité au sein de l’entreprise", "code": null, "matieres": [{"nom": "Management du risque et intelligence économique ", "type": "cours_td", "vh_ci": 0, "vh_td": 21, "vh_tp": 0, "credit": 3, "coefficient": 1.5, "volume_horaire": 42}, {"nom": "Responsabilité sociale de l’entreprise et développement durable ", "type": "cours_td", "vh_ci": 0, "vh_td": 21, "vh_tp": 0, "credit": 2, "coefficient": 1, "volume_horaire": 42}], "credit_ue": "5.00", "coefficient_ue": "2.50", "semestre": "S5", "annee": "L3", "licence": 1, "specialite": 4, "description": "", "date_creation": "2026-04-23T01:00:32.255Z", "date_modification": "2026-04-23T01:00:32.255Z"}}, {"model": "academique.module", "pk": 341, "fields": {"nom": "UE : Innovation, Entrepreneuriat et Transformation Digitale", "code": null, "matieres": [{"nom": "Management de l’innovation et entrepreneuriat ", "type": "cours", "vh_ci": 0, "vh_td": 0, "vh_tp": 0, "credit": 2, "coefficient": 1, "volume_horaire": 21}, {"nom": "Management de la  transformation  digitale et  système  d’information ", "type": "cours_td", "vh_ci": 0, "vh_td": 21, "vh_tp": 0, "credit": 3, "coefficient": 1.5, "volume_horaire": 21}], "credit_ue": "5.00", "coefficient_ue": "2.50", "semestre": "S6", "annee": "L3", "licence": 1, "specialite": 4, "description": "", "date_creation": "2026-04-23T01:02:09.501Z", "date_modification": "2026-04-23T01:02:09.501Z"}}, {"model": "academique.module", "pk": 342, "fields": {"nom": "UE : Management stratégique", "code": null, "matieres": [{"nom": "Management stratégique ", "type": "cours_td", "vh_ci": 0, "vh_td": 21, "vh_tp": 0, "credit": 5, "coefficient": 2.5, "volume_horaire": 42}], "credit_ue": "5.00", "coefficient_ue": "2.50", "semestre": "S6", "annee": "L3", "licence": 1, "specialite": 4, "description": "", "date_creation": "2026-04-23T01:03:16.679Z", "date_modification": "2026-04-23T01:03:16.679Z"}}, {"model": "academique.module", "pk": 343, "fields": {"nom": "UE : Contrôle de gestion", "code": null, "matieres": [{"nom": "Contrôle de gestion ", "type": "cours_td", "vh_ci": 0, "vh_td": 21, "vh_tp": 0, "credit": 5, "coefficient": 2.5, "volume_horaire": 42}], "credit_ue": "5.00", "coefficient_ue": "2.50", "semestre": "S6", "annee": "L3", "licence": 1, "specialite": 4, "description": "", "date_creation": "2026-04-23T01:04:12.022Z", "date_modification": "2026-04-23T01:04:12.022Z"}}, {"model": "academique.module", "pk": 344, "fields": {"nom": "UE : Activité Pratique", "code": null, "matieres": [{"nom": "Projet de fin d’études ", "type": "cours", "vh_ci": 0, "vh_td": 0, "vh_tp": 0, "credit": 5, "coefficient": 2.5, "volume_horaire": 42}], "credit_ue": "5.00", "coefficient_ue": "2.50", "semestre": "S6", "annee": "L3", "licence": 1, "specialite": 4, "description": "", "date_creation": "2026-04-23T01:05:40.253Z", "date_modification": "2026-04-23T01:05:40.253Z"}}, {"model": "academique.module", "pk": 345, "fields": {"nom": "UE : Langue et informatique", "code": null, "matieres": [{"nom": "Anglais VI ", "type": "cours", "vh_ci": 0, "vh_td": 0, "vh_tp": 0, "credit": 2, "coefficient": 1, "volume_horaire": 21}, {"nom": "Développement des sites Web", "type": "cours", "vh_ci": 0, "vh_td": 0, "vh_tp": 0, "credit": 3, "coefficient": 1.5, "volume_horaire": 21}], "credit_ue": "5.00", "coefficient_ue": "2.50", "semestre": "S6", "annee": "L3", "licence": 1, "specialite": 4, "description": "", "date_creation": "2026-04-23T01:06:53.774Z", "date_modification": "2026-04-23T01:06:53.774Z"}}, {"model": "academique.module", "pk": 346, "fields": {"nom": "UE O: Gouvernance et Start-up", "code": null, "matieres": [{"nom": "Gouvernance d’entreprise ", "type": "cours_td", "vh_ci": 0, "vh_td": 21, "vh_tp": 0, "credit": 3, "coefficient": 1.5, "volume_horaire": 42}, {"nom": "Création et pilotage d’une start-up ", "type": "cours_td", "vh_ci": 0, "vh_td": 21, "vh_tp": 0, "credit": 2, "coefficient": 1, "volume_horaire": 42}], "credit_ue": "5.00", "coefficient_ue": "2.50", "semestre": "S6", "annee": "L3", "licence": 1, "specialite": 4, "description": "", "date_creation": "2026-04-23T01:08:02.968Z", "date_modification": "2026-04-23T01:08:02.968Z"}}, {"model": "academique.module", "pk": 347, "fields": {"nom": "UE : Marketing stratégique et opérationnel", "code": null, "matieres": [{"nom": "Stratégie marketing ", "type": "cours_td", "vh_ci": 0, "vh_td": 21, "vh_tp": 0, "credit": 3, "coefficient": 1.5, "volume_horaire": 21}, {"nom": "Gestion des prix et des produits ", "type": "cours_td", "vh_ci": 0, "vh_td": 21, "vh_tp": 0, "credit": 2, "coefficient": 1, "volume_horaire": 21}], "credit_ue": "5.00", "coefficient_ue": "2.50", "semestre": "S5", "annee": "L3", "licence": 1, "specialite": 3, "description": "", "date_creation": "2026-04-23T01:10:03.567Z", "date_modification": "2026-04-23T01:10:03.567Z"}}, {"model": "academique.module", "pk": 348, "fields": {"nom": "UE : Recherche marketing", "code": null, "matieres": [{"nom": "Recherche marketing ", "type": "cours", "vh_ci": 0, "vh_td": 21, "vh_tp": 0, "credit": 4, "coefficient": 2, "volume_horaire": 42}], "credit_ue": "4.00", "coefficient_ue": "2.00", "semestre": "S5", "annee": "L3", "licence": 1, "specialite": 3, "description": "", "date_creation": "2026-04-23T01:10:55.864Z", "date_modification": "2026-04-23T01:10:55.864Z"}}, {"model": "academique.module", "pk": 349, "fields": {"nom": "UE : Analyse du  comportement du  consommateur", "code": null, "matieres": [{"nom": "Analyse du comportement du consommateur ", "type": "cours_td", "vh_ci": 0, "vh_td": 21, "vh_tp": 0, "credit": 4, "coefficient": 2, "volume_horaire": 42}], "credit_ue": "4.00", "coefficient_ue": "2.00", "semestre": "S5", "annee": "L3", "licence": 1, "specialite": 3, "description": "", "date_creation": "2026-04-23T01:11:59.278Z", "date_modification": "2026-04-23T01:11:59.278Z"}}, {"model": "academique.module", "pk": 350, "fields": {"nom": "UE : Activité Pratique", "code": null, "matieres": [{"nom": "Etudes de cas en Marketing ", "type": "cours", "vh_ci": 0, "vh_td": 0, "vh_tp": 0, "credit": 5, "coefficient": 2.5, "volume_horaire": 42}], "credit_ue": "5.00", "coefficient_ue": "2.50", "semestre": "S5", "annee": "L3", "licence": 1, "specialite": 3, "description": "", "date_creation": "2026-04-23T01:13:01.108Z", "date_modification": "2026-04-23T01:13:01.108Z"}}, {"model": "academique.module", "pk": 351, "fields": {"nom": "UE : Langue et soft skills", "code": null, "matieres": [{"nom": "Anglais V ", "type": "cours", "vh_ci": 0, "vh_td": 0, "vh_tp": 0, "credit": 2, "coefficient": 1, "volume_horaire": 21}, {"nom": "Négociation et gestion des conflits ", "type": "cours", "vh_ci": 0, "vh_td": 0, "vh_tp": 0, "credit": 3, "coefficient": 1.5, "volume_horaire": 21}], "credit_ue": "5.00", "coefficient_ue": "2.50", "semestre": "S5", "annee": "L3", "licence": 1, "specialite": 3, "description": "", "date_creation": "2026-04-23T01:14:23.705Z", "date_modification": "2026-04-23T01:14:23.705Z"}}, {"model": "academique.module", "pk": 352, "fields": {"nom": "UEO : Digitalisation du marketing : fondements, éthique et RSE", "code": null, "matieres": [{"nom": "Marketing digital ", "type": "cours_td", "vh_ci": 0, "vh_td": 21, "vh_tp": 0, "credit": 4, "coefficient": 2, "volume_horaire": 42}, {"nom": "Ethique du marketing et responsabilité sociétale de l’entreprise ", "type": "cours_td", "vh_ci": 0, "vh_td": 21, "vh_tp": 0, "credit": 3, "coefficient": 1.5, "volume_horaire": 42}], "credit_ue": "7.00", "coefficient_ue": "3.50", "semestre": "S5", "annee": "L3", "licence": 1, "specialite": 3, "description": "", "date_creation": "2026-04-23T01:15:49.036Z", "date_modification": "2026-04-23T01:15:49.036Z"}}, {"model": "academique.module", "pk": 353, "fields": {"nom": "UE : Distribution", "code": null, "matieres": [{"nom": "Stratégies de distribution ", "type": "cours_td", "vh_ci": 0, "vh_td": 21, "vh_tp": 0, "credit": 5, "coefficient": 2.5, "volume_horaire": 42}], "credit_ue": "5.00", "coefficient_ue": "2.50", "semestre": "S6", "annee": "L3", "licence": 1, "specialite": 3, "description": "", "date_creation": "2026-04-23T01:17:00.043Z", "date_modification": "2026-04-23T01:17:00.043Z"}}, {"model": "academique.module", "pk": 354, "fields": {"nom": "UE : Communication marketing", "code": null, "matieres": [{"nom": "Communication marketing ", "type": "cours_td", "vh_ci": 0, "vh_td": 21, "vh_tp": 0, "credit": 4, "coefficient": 2, "volume_horaire": 42}], "credit_ue": "4.00", "coefficient_ue": "2.00", "semestre": "S6", "annee": "L3", "licence": 1, "specialite": 3, "description": "", "date_creation": "2026-04-23T01:18:16.275Z", "date_modification": "2026-04-23T01:18:32.209Z"}}, {"model": "academique.module", "pk": 355, "fields": {"nom": "UE : Analyse des données marketing", "code": null, "matieres": [{"nom": "Analyse des données marketing ", "type": "cours_td", "vh_ci": 0, "vh_td": 21, "vh_tp": 0, "credit": 4, "coefficient": 2, "volume_horaire": 42}], "credit_ue": "4.00", "coefficient_ue": "2.00", "semestre": "S6", "annee": "L3", "licence": 1, "specialite": 3, "description": "", "date_creation": "2026-04-23T01:19:31.494Z", "date_modification": "2026-04-23T01:19:31.494Z"}}, {"model": "academique.module", "pk": 356, "fields": {"nom": "UE : Activité Pratique", "code": null, "matieres": [{"nom": "Projet de fin d’études (PFE)", "type": "cours", "vh_ci": 0, "vh_td": 0, "vh_tp": 0, "credit": 5, "coefficient": 2.5, "volume_horaire": 42}], "credit_ue": "5.00", "coefficient_ue": "2.50", "semestre": "S6", "annee": "L3", "licence": 1, "specialite": 3, "description": "", "date_creation": "2026-04-23T01:20:19.621Z", "date_modification": "2026-04-23T01:20:19.621Z"}}, {"model": "academique.module", "pk": 357, "fields": {"nom": "UE : Langue et soft skills", "code": null, "matieres": [{"nom": " Techniques d’expression française ", "type": "cours", "vh_ci": 0, "vh_td": 0, "vh_tp": 0, "credit": 2, "coefficient": 1, "volume_horaire": 21}, {"nom": "Développement des sites Web ", "type": "cours", "vh_ci": 0, "vh_td": 0, "vh_tp": 0, "credit": 3, "coefficient": 1.5, "volume_horaire": 21}], "credit_ue": "5.00", "coefficient_ue": "2.50", "semestre": "S6", "annee": "L3", "licence": 1, "specialite": 3, "description": "", "date_creation": "2026-04-23T01:21:38.590Z", "date_modification": "2026-04-23T01:21:38.590Z"}}, {"model": "academique.module", "pk": 358, "fields": {"nom": "UEO : Relation client et Web analytics", "code": null, "matieres": [{"nom": "Marketing de la relation client ", "type": "cours_td", "vh_ci": 0, "vh_td": 21, "vh_tp": 0, "credit": 4, "coefficient": 2, "volume_horaire": 42}, {"nom": "Web Analytics et performance sur le Web ", "type": "cours_td", "vh_ci": 0, "vh_td": 21, "vh_tp": 0, "credit": 3, "coefficient": 1.5, "volume_horaire": 42}], "credit_ue": "7.00", "coefficient_ue": "3.50", "semestre": "S6", "annee": "L3", "licence": 1, "specialite": 3, "description": "", "date_creation": "2026-04-23T01:23:05.848Z", "date_modification": "2026-04-23T01:23:05.848Z"}}, {"model": "academique.module", "pk": 359, "fields": {"nom": "UE : Finance Internationale et Institutions Financières", "code": null, "matieres": [{"nom": "Gestion Financière Internationale ", "type": "cours_td", "vh_ci": 0, "vh_td": 21, "vh_tp": 0, "credit": 3, "coefficient": 1.5, "volume_horaire": 21}, {"nom": "Gestion des Institutions Financières ", "type": "cours_td", "vh_ci": 0, "vh_td": 21, "vh_tp": 0, "credit": 2, "coefficient": 1, "volume_horaire": 21}], "credit_ue": "5.00", "coefficient_ue": "2.50", "semestre": "S5", "annee": "L3", "licence": 1, "specialite": 2, "description": "", "date_creation": "2026-04-23T01:25:07.407Z", "date_modification": "2026-04-23T01:28:14.860Z"}}, {"model": "academique.module", "pk": 360, "fields": {"nom": "UE : Econométrie", "code": null, "matieres": [{"nom": " Econométrie Appliquée à la Finance ", "type": "cours_td", "vh_ci": 0, "vh_td": 21, "vh_tp": 0, "credit": 4, "coefficient": 2, "volume_horaire": 42}], "credit_ue": "4.00", "coefficient_ue": "2.00", "semestre": "S5", "annee": "L3", "licence": 1, "specialite": 2, "description": "", "date_creation": "2026-04-23T01:26:09.121Z", "date_modification": "2026-04-23T01:26:09.121Z"}}, {"model": "academique.module", "pk": 361, "fields": {"nom": "UE : Gestion de Portefeuille", "code": null, "matieres": [{"nom": "Gestion de Portefeuille ", "type": "cours_td", "vh_ci": 0, "vh_td": 21, "vh_tp": 0, "credit": 4, "coefficient": 2, "volume_horaire": 42}], "credit_ue": "4.00", "coefficient_ue": "2.00", "semestre": "S5", "annee": "L3", "licence": 1, "specialite": 2, "description": "", "date_creation": "2026-04-23T01:26:57.183Z", "date_modification": "2026-04-23T01:26:57.183Z"}}, {"model": "academique.module", "pk": 362, "fields": {"nom": "UE : Activité Pratique", "code": null, "matieres": [{"nom": "Etudes de cas en Finance ", "type": "cours", "vh_ci": 0, "vh_td": 0, "vh_tp": 0, "credit": 5, "coefficient": 2.5, "volume_horaire": 42}], "credit_ue": "5.00", "coefficient_ue": "2.50", "semestre": "S5", "annee": "L3", "licence": 1, "specialite": 2, "description": "", "date_creation": "2026-04-23T01:27:42.059Z", "date_modification": "2026-04-23T01:27:42.059Z"}}, {"model": "academique.module", "pk": 363, "fields": {"nom": "UE : Langue et soft skills", "code": null, "matieres": [{"nom": "Compétences linguistiques  ", "type": "cours", "vh_ci": 0, "vh_td": 0, "vh_tp": 0, "credit": 2, "coefficient": 1, "volume_horaire": 21}, {"nom": "Compétences entrepreneuriales ", "type": "cours", "vh_ci": 0, "vh_td": 0, "vh_tp": 0, "credit": 3, "coefficient": 1.5, "volume_horaire": 21}], "credit_ue": "5.00", "coefficient_ue": "2.50", "semestre": "S5", "annee": "L3", "licence": 1, "specialite": 2, "description": "", "date_creation": "2026-04-23T01:29:23.660Z", "date_modification": "2026-04-23T01:29:23.660Z"}}, {"model": "academique.module", "pk": 364, "fields": {"nom": "UEO : Finance d’entreprise", "code": null, "matieres": [{"nom": "Gestion du fond  de roulement ", "type": "cours_td", "vh_ci": 0, "vh_td": 21, "vh_tp": 0, "credit": 4, "coefficient": 2, "volume_horaire": 42}, {"nom": "Gestion de projet ", "type": "cours_td", "vh_ci": 0, "vh_td": 21, "vh_tp": 0, "credit": 3, "coefficient": 1.5, "volume_horaire": 42}], "credit_ue": "7.00", "coefficient_ue": "3.50", "semestre": "S5", "annee": "L3", "licence": 1, "specialite": 2, "description": "", "date_creation": "2026-04-23T01:31:00.031Z", "date_modification": "2026-04-23T01:31:00.031Z"}}, {"model": "academique.module", "pk": 365, "fields": {"nom": "UE1 : Principes de Gestion", "code": null, "matieres": [{"nom": "UE1 : Principes de Gestion", "type": "cours_td", "vh_ci": 63, "vh_td": 21, "vh_tp": 0, "credit": 5, "coefficient": 2.5, "volume_horaire": 42}], "credit_ue": "5.00", "coefficient_ue": "2.50", "semestre": "S1", "annee": "L1", "licence": 1, "specialite": 1, "description": "", "date_creation": "2026-04-23T01:35:33.059Z", "date_modification": "2026-04-23T01:35:33.059Z"}}, {"model": "academique.module", "pk": 366, "fields": {"nom": "UE2 : Comptabilité", "code": null, "matieres": [{"nom": "Comptabilité Financière 1", "type": "cours_td", "vh_ci": 63, "vh_td": 21, "vh_tp": 0, "credit": 5, "coefficient": 2.5, "volume_horaire": 42}], "credit_ue": "5.00", "coefficient_ue": "2.50", "semestre": "S1", "annee": "L1", "licence": 1, "specialite": 1, "description": "", "date_creation": "2026-04-23T01:35:33.100Z", "date_modification": "2026-04-23T01:35:33.100Z"}}, {"model": "academique.module", "pk": 367, "fields": {"nom": "UE3 : Principes d’économie", "code": null, "matieres": [{"nom": "Microéconomie", "type": "cours_td", "vh_ci": 0, "vh_td": 21, "vh_tp": 0, "credit": 5, "coefficient": 2.5, "volume_horaire": 42}], "credit_ue": "5.00", "coefficient_ue": "2.50", "semestre": "S1", "annee": "L1", "licence": 1, "specialite": 1, "description": "", "date_creation": "2026-04-23T01:35:33.105Z", "date_modification": "2026-04-23T01:35:33.105Z"}}, {"model": "academique.module", "pk": 368, "fields": {"nom": "UE4 : Mathématiques", "code": null, "matieres": [{"nom": "Mathématiques 1", "type": "cours_td", "vh_ci": 0, "vh_td": 21, "vh_tp": 0, "credit": 5, "coefficient": 2.5, "volume_horaire": 42}], "credit_ue": "5.00", "coefficient_ue": "2.50", "semestre": "S1", "annee": "L1", "licence": 1, "specialite": 1, "description": "", "date_creation": "2026-04-23T01:35:33.111Z", "date_modification": "2026-04-23T01:35:33.111Z"}}, {"model": "academique.module", "pk": 369, "fields": {"nom": "UE5 : Droit et calcul financiers", "code": null, "matieres": [{"nom": "Introduction au Droit", "type": "cours", "vh_ci": 0, "vh_td": 0, "vh_tp": 0, "credit": 2, "coefficient": 1, "volume_horaire": 42}, {"nom": "Mathématiques Financières", "type": "cours_td", "vh_ci": 42, "vh_td": 21, "vh_tp": 0, "credit": 3, "coefficient": 1.5, "volume_horaire": 21}], "credit_ue": "5.00", "coefficient_ue": "2.50", "semestre": "S1", "annee": "L1", "licence": 1, "specialite": 1, "description": "", "date_creation": "2026-04-23T01:35:33.116Z", "date_modification": "2026-04-23T01:35:33.116Z"}}, {"model": "academique.module", "pk": 370, "fields": {"nom": "UE6 : Langue et informatique", "code": null, "matieres": [{"nom": "Anglais 1", "type": "cours", "vh_ci": 0, "vh_td": 0, "vh_tp": 0, "credit": 2, "coefficient": 1, "volume_horaire": 21}, {"nom": "C2i1", "type": "cours", "vh_ci": 21, "vh_td": 0, "vh_tp": 0, "credit": 3, "coefficient": 1.5, "volume_horaire": 21}], "credit_ue": "5.00", "coefficient_ue": "2.50", "semestre": "S1", "annee": "L1", "licence": 1, "specialite": 1, "description": "", "date_creation": "2026-04-23T01:35:33.121Z", "date_modification": "2026-04-23T01:35:33.121Z"}}, {"model": "academique.module", "pk": 371, "fields": {"nom": "UE1 : Principes de Gestion", "code": null, "matieres": [{"nom": "Principes de Gestion 1", "type": "cours_td", "vh_ci": 0, "vh_td": 21, "vh_tp": 0, "credit": 5, "coefficient": 2.5, "volume_horaire": 42}], "credit_ue": "5.00", "coefficient_ue": "2.50", "semestre": "S2", "annee": "L1", "licence": 1, "specialite": 1, "description": "", "date_creation": "2026-04-23T01:35:33.126Z", "date_modification": "2026-04-23T01:35:33.126Z"}}, {"model": "academique.module", "pk": 372, "fields": {"nom": "UE2 : Comptabilité", "code": null, "matieres": [{"nom": "Comptabilité Financière 2", "type": "cours_td", "vh_ci": 0, "vh_td": 21, "vh_tp": 0, "credit": 5, "coefficient": 2.5, "volume_horaire": 42}], "credit_ue": "5.00", "coefficient_ue": "2.50", "semestre": "S2", "annee": "L1", "licence": 1, "specialite": 1, "description": "", "date_creation": "2026-04-23T01:35:33.131Z", "date_modification": "2026-04-23T01:35:33.131Z"}}, {"model": "academique.module", "pk": 373, "fields": {"nom": "UE3 : Mathématiques", "code": null, "matieres": [{"nom": "Mathématiques 2", "type": "cours_td", "vh_ci": 0, "vh_td": 21, "vh_tp": 0, "credit": 5, "coefficient": 2.5, "volume_horaire": 42}], "credit_ue": "5.00", "coefficient_ue": "2.50", "semestre": "S2", "annee": "L1", "licence": 1, "specialite": 1, "description": "", "date_creation": "2026-04-23T01:35:33.135Z", "date_modification": "2026-04-23T01:35:33.135Z"}}, {"model": "academique.module", "pk": 374, "fields": {"nom": "UE4 : Statistiques", "code": null, "matieres": [{"nom": "Statistique descriptive et calculs de probabilité", "type": "cours", "vh_ci": 0, "vh_td": 21, "vh_tp": 0, "credit": 5, "coefficient": 2.5, "volume_horaire": 42}], "credit_ue": "5.00", "coefficient_ue": "2.50", "semestre": "S2", "annee": "L1", "licence": 1, "specialite": 1, "description": "", "date_creation": "2026-04-23T01:35:33.140Z", "date_modification": "2026-04-23T01:35:33.140Z"}}, {"model": "academique.module", "pk": 375, "fields": {"nom": "UE5 : Macroéconomie et Droit", "code": null, "matieres": [{"nom": "Macroéconomie", "type": "cours", "vh_ci": 0, "vh_td": 0, "vh_tp": 0, "credit": 3, "coefficient": 1.5, "volume_horaire": 42}, {"nom": "Droit des sociétés Commerciales", "type": "cours", "vh_ci": 0, "vh_td": 0, "vh_tp": 0, "credit": 2.01, "coefficient": 1, "volume_horaire": 41}], "credit_ue": "5.00", "coefficient_ue": "2.50", "semestre": "S2", "annee": "L1", "licence": 1, "specialite": 1, "description": "", "date_creation": "2026-04-23T01:35:33.144Z", "date_modification": "2026-04-23T01:35:33.144Z"}}, {"model": "academique.module", "pk": 376, "fields": {"nom": "UE6 : Langue et informatique", "code": null, "matieres": [{"nom": "Anglais 2", "type": "cours", "vh_ci": 0, "vh_td": 0, "vh_tp": 0, "credit": 2, "coefficient": 1, "volume_horaire": 21}, {"nom": "C2i1", "type": "cours", "vh_ci": 0, "vh_td": 0, "vh_tp": 0, "credit": 3, "coefficient": 1.5, "volume_horaire": 21}], "credit_ue": "5.00", "coefficient_ue": "2.50", "semestre": "S2", "annee": "L1", "licence": 1, "specialite": 1, "description": "", "date_creation": "2026-04-23T01:35:33.149Z", "date_modification": "2026-04-23T01:35:33.150Z"}}, {"model": "academique.module", "pk": 377, "fields": {"nom": "UE : Comptabilité", "code": null, "matieres": [{"nom": "Comptabilité intermédiaire 1", "type": "cours_td", "vh_ci": 0, "vh_td": 21, "vh_tp": 0, "credit": 5, "coefficient": 2.5, "volume_horaire": 42}], "credit_ue": "5.00", "coefficient_ue": "2.50", "semestre": "S3", "annee": "L2", "licence": 1, "specialite": 1, "description": "", "date_creation": "2026-04-23T01:35:33.154Z", "date_modification": "2026-04-23T01:38:41.782Z"}}, {"model": "academique.module", "pk": 378, "fields": {"nom": "UE : Comptabilité de gestion", "code": null, "matieres": [{"nom": "Comptabilité de gestion", "type": "cours_td", "vh_ci": 0, "vh_td": 21, "vh_tp": 0, "credit": 5, "coefficient": 2.5, "volume_horaire": 42}], "credit_ue": "5.00", "coefficient_ue": "2.50", "semestre": "S3", "annee": "L2", "licence": 1, "specialite": 1, "description": "", "date_creation": "2026-04-23T01:35:33.159Z", "date_modification": "2026-04-23T01:39:56.226Z"}}, {"model": "academique.module", "pk": 379, "fields": {"nom": "UE : Fiscalité", "code": null, "matieres": [{"nom": "IRPP/IS", "type": "cours_td", "vh_ci": 0, "vh_td": 21, "vh_tp": 0, "credit": 5, "coefficient": 2.5, "volume_horaire": 42}], "credit_ue": "5.00", "coefficient_ue": "2.50", "semestre": "S3", "annee": "L2", "licence": 1, "specialite": 1, "description": "", "date_creation": "2026-04-23T01:35:33.165Z", "date_modification": "2026-04-23T01:40:50.171Z"}}, {"model": "academique.module", "pk": 380, "fields": {"nom": "UE : Activité Pratique", "code": null, "matieres": [{"nom": "Journées thématiques", "type": "cours", "vh_ci": 0, "vh_td": 0, "vh_tp": 0, "credit": 5, "coefficient": 2.5, "volume_horaire": 21}], "credit_ue": "5.00", "coefficient_ue": "2.50", "semestre": "S3", "annee": "L2", "licence": 1, "specialite": 1, "description": "", "date_creation": "2026-04-23T01:35:33.169Z", "date_modification": "2026-04-23T01:41:33.295Z"}}, {"model": "academique.module", "pk": 381, "fields": {"nom": "UE : Langue et soft skills", "code": null, "matieres": [{"nom": "Anglais III", "type": "cours", "vh_ci": 0, "vh_td": 0, "vh_tp": 0, "credit": 2, "coefficient": 1, "volume_horaire": 21}, {"nom": "Techniques de communication personnelle", "type": "cours", "vh_ci": 0, "vh_td": 0, "vh_tp": 0, "credit": 3, "coefficient": 1.5, "volume_horaire": 21}], "credit_ue": "5.00", "coefficient_ue": "2.50", "semestre": "S3", "annee": "L2", "licence": 1, "specialite": 1, "description": "", "date_creation": "2026-04-23T01:35:33.173Z", "date_modification": "2026-04-23T01:43:02.081Z"}}, {"model": "academique.module", "pk": 382, "fields": {"nom": "UEO : Droit et finance", "code": null, "matieres": [{"nom": "Droit des obligations et des contrats", "type": "cours_td", "vh_ci": 0, "vh_td": 21, "vh_tp": 0, "credit": 3, "coefficient": 1.5, "volume_horaire": 42}, {"nom": "Diagnostic financier", "type": "cours_td", "vh_ci": 0, "vh_td": 21, "vh_tp": 0, "credit": 2, "coefficient": 1, "volume_horaire": 42}], "credit_ue": "5.00", "coefficient_ue": "2.50", "semestre": "S3", "annee": "L2", "licence": 1, "specialite": 1, "description": "", "date_creation": "2026-04-23T01:35:33.178Z", "date_modification": "2026-04-23T01:43:58.726Z"}}, {"model": "academique.module", "pk": 383, "fields": {"nom": "UE : Comptabilité", "code": null, "matieres": [{"nom": "Comptabilité intermédiaire 2", "type": "cours_td", "vh_ci": 0, "vh_td": 21, "vh_tp": 0, "credit": 5, "coefficient": 2.5, "volume_horaire": 42}], "credit_ue": "5.00", "coefficient_ue": "2.50", "semestre": "S4", "annee": "L2", "licence": 1, "specialite": 1, "description": "", "date_creation": "2026-04-23T01:35:33.182Z", "date_modification": "2026-04-23T01:44:59.000Z"}}, {"model": "academique.module", "pk": 384, "fields": {"nom": "UE : Contrôle interne", "code": null, "matieres": [{"nom": "Contrôle interne", "type": "cours_td", "vh_ci": 0, "vh_td": 21, "vh_tp": 0, "credit": 5, "coefficient": 2.5, "volume_horaire": 42}], "credit_ue": "5.00", "coefficient_ue": "2.50", "semestre": "S4", "annee": "L2", "licence": 1, "specialite": 1, "description": "", "date_creation": "2026-04-23T01:35:33.187Z", "date_modification": "2026-04-23T01:45:36.241Z"}}, {"model": "academique.module", "pk": 385, "fields": {"nom": "UE : Fiscalité", "code": null, "matieres": [{"nom": "TVA et droit de consommation", "type": "cours_td", "vh_ci": 0, "vh_td": 21, "vh_tp": 0, "credit": 5, "coefficient": 2.5, "volume_horaire": 42}], "credit_ue": "5.00", "coefficient_ue": "2.50", "semestre": "S4", "annee": "L2", "licence": 1, "specialite": 1, "description": "", "date_creation": "2026-04-23T01:35:33.193Z", "date_modification": "2026-04-23T01:46:09.069Z"}}, {"model": "academique.module", "pk": 386, "fields": {"nom": "UE : Activité Pratique", "code": null, "matieres": [{"nom": "Méthodologie d’élaboration d’un rapport de stage", "type": "cours", "vh_ci": 0, "vh_td": 0, "vh_tp": 0, "credit": 5, "coefficient": 2.5, "volume_horaire": 21}], "credit_ue": "5.00", "coefficient_ue": "2.50", "semestre": "S4", "annee": "L2", "licence": 1, "specialite": 1, "description": "", "date_creation": "2026-04-23T01:35:33.197Z", "date_modification": "2026-04-23T01:46:52.931Z"}}, {"model": "academique.module", "pk": 387, "fields": {"nom": "UE : Langue et soft skills", "code": null, "matieres": [{"nom": "\t Anglais IV ", "type": "cours", "vh_ci": 0, "vh_td": 0, "vh_tp": 0, "credit": 2, "coefficient": 1, "volume_horaire": 21}, {"nom": "Coaching d’équipe et Leadership ", "type": "cours", "vh_ci": 0, "vh_td": 0, "vh_tp": 0, "credit": 3, "coefficient": 1.5, "volume_horaire": 21}], "credit_ue": "5.00", "coefficient_ue": "2.50", "semestre": "S4", "annee": "L2", "licence": 1, "specialite": 1, "description": "", "date_creation": "2026-04-23T01:35:33.202Z", "date_modification": "2026-04-23T01:35:33.202Z"}}, {"model": "academique.module", "pk": 388, "fields": {"nom": "UE : Comptabilité et techniques de sondage Lot 1", "code": null, "matieres": [{"nom": "Droit commercial", "type": "cours_td", "vh_ci": 0, "vh_td": 21, "vh_tp": 0, "credit": 3, "coefficient": 1.5, "volume_horaire": 42}, {"nom": " Techniques de sondage et échantillonnage", "type": "cours_td", "vh_ci": 0, "vh_td": 21, "vh_tp": 0, "credit": 2, "coefficient": 1, "volume_horaire": 42}], "credit_ue": "5.00", "coefficient_ue": "2.50", "semestre": "S4", "annee": "L2", "licence": 1, "specialite": 1, "description": "", "date_creation": "2026-04-23T01:35:33.208Z", "date_modification": "2026-04-23T01:47:58.135Z"}}, {"model": "academique.module", "pk": 401, "fields": {"nom": "UE : Comptabilité", "code": null, "matieres": [{"nom": "Comptabilité avancée", "type": "cours_td", "vh_ci": 0, "vh_td": 21, "vh_tp": 0, "credit": 6, "coefficient": 3, "volume_horaire": 21}], "credit_ue": "6.00", "coefficient_ue": "3.00", "semestre": "S5", "annee": "L3", "licence": 1, "specialite": 1, "description": "", "date_creation": "2026-04-23T01:52:05.745Z", "date_modification": "2026-04-23T01:52:05.746Z"}}, {"model": "academique.module", "pk": 402, "fields": {"nom": "UE : Cadre conceptuel de la comptabilité", "code": null, "matieres": [{"nom": "Cadre conceptuel et présentation des états financiers", "type": "cours_td", "vh_ci": 0, "vh_td": 21, "vh_tp": 0, "credit": 5, "coefficient": 2.5, "volume_horaire": 42}], "credit_ue": "5.00", "coefficient_ue": "2.50", "semestre": "S5", "annee": "L3", "licence": 1, "specialite": 1, "description": "", "date_creation": "2026-04-23T01:53:05.077Z", "date_modification": "2026-04-23T01:53:05.077Z"}}, {"model": "academique.module", "pk": 403, "fields": {"nom": "UE : Contrôle de gestion", "code": null, "matieres": [{"nom": "Contrôle de Gestion", "type": "cours_td", "vh_ci": 0, "vh_td": 21, "vh_tp": 0, "credit": 5, "coefficient": 2.5, "volume_horaire": 42}], "credit_ue": "5.00", "coefficient_ue": "2.50", "semestre": "S5", "annee": "L3", "licence": 1, "specialite": 1, "description": "", "date_creation": "2026-04-23T01:54:24.719Z", "date_modification": "2026-04-23T01:54:24.719Z"}}, {"model": "academique.module", "pk": 404, "fields": {"nom": "UE : Activité Pratique", "code": null, "matieres": [{"nom": "Etude de cas en comptabilité  ", "type": "cours", "vh_ci": 0, "vh_td": 0, "vh_tp": 0, "credit": 5, "coefficient": 2.5, "volume_horaire": 42}], "credit_ue": "5.00", "coefficient_ue": "2.50", "semestre": "S5", "annee": "L3", "licence": 1, "specialite": 1, "description": "", "date_creation": "2026-04-23T01:55:32.628Z", "date_modification": "2026-04-23T01:55:32.628Z"}}, {"model": "academique.module", "pk": 405, "fields": {"nom": "UE : Langue et soft skills", "code": null, "matieres": [{"nom": " Anglais 5", "type": "cours", "vh_ci": 0, "vh_td": 0, "vh_tp": 0, "credit": 2, "coefficient": 1, "volume_horaire": 21}, {"nom": "Culture entrepreneuriale", "type": "cours", "vh_ci": 0, "vh_td": 0, "vh_tp": 0, "credit": 3, "coefficient": 1.5, "volume_horaire": 21}], "credit_ue": "5.00", "coefficient_ue": "2.50", "semestre": "S5", "annee": "L3", "licence": 1, "specialite": 1, "description": "", "date_creation": "2026-04-23T01:57:10.293Z", "date_modification": "2026-04-23T01:57:10.293Z"}}, {"model": "academique.module", "pk": 406, "fields": {"nom": "UEO : Fiscalité et finance d’entreprise", "code": null, "matieres": [{"nom": "Avantages fiscaux", "type": "cours_td", "vh_ci": 0, "vh_td": 21, "vh_tp": 0, "credit": 2, "coefficient": 1, "volume_horaire": 42}, {"nom": " Finance internationale ", "type": "cours_td", "vh_ci": 0, "vh_td": 21, "vh_tp": 0, "credit": 2, "coefficient": 1, "volume_horaire": 42}], "credit_ue": "4.00", "coefficient_ue": "2.00", "semestre": "S5", "annee": "L3", "licence": 1, "specialite": 1, "description": "", "date_creation": "2026-04-23T01:58:55.066Z", "date_modification": "2026-04-23T01:58:55.066Z"}}, {"model": "academique.module", "pk": 407, "fields": {"nom": "UE : Comptabilité internationale", "code": null, "matieres": [{"nom": "Comptabilité internationale : IFRS", "type": "cours_td", "vh_ci": 0, "vh_td": 21, "vh_tp": 0, "credit": 6, "coefficient": 3, "volume_horaire": 42}], "credit_ue": "6.00", "coefficient_ue": "3.00", "semestre": "S6", "annee": "L3", "licence": 1, "specialite": 1, "description": "", "date_creation": "2026-04-23T02:00:02.801Z", "date_modification": "2026-04-23T02:00:02.801Z"}}, {"model": "academique.module", "pk": 408, "fields": {"nom": "UE : Audit", "code": null, "matieres": [{"nom": " Audit", "type": "cours_td", "vh_ci": 0, "vh_td": 21, "vh_tp": 0, "credit": 5, "coefficient": 2.5, "volume_horaire": 42}], "credit_ue": "5.00", "coefficient_ue": "2.50", "semestre": "S6", "annee": "L3", "licence": 1, "specialite": 1, "description": "", "date_creation": "2026-04-23T02:01:11.134Z", "date_modification": "2026-04-23T02:01:11.134Z"}}, {"model": "academique.module", "pk": 409, "fields": {"nom": "UE : Finance", "code": null, "matieres": [{"nom": "Décisions financières", "type": "cours_td", "vh_ci": 0, "vh_td": 21, "vh_tp": 0, "credit": 5, "coefficient": 2.5, "volume_horaire": 42}], "credit_ue": "5.00", "coefficient_ue": "2.50", "semestre": "S6", "annee": "L3", "licence": 1, "specialite": 1, "description": "", "date_creation": "2026-04-23T02:02:16.226Z", "date_modification": "2026-04-23T02:02:16.226Z"}}, {"model": "academique.module", "pk": 410, "fields": {"nom": "UE : Activité Pratique", "code": null, "matieres": [{"nom": "Projet de fin d’études (PFE)", "type": "cours", "vh_ci": 0, "vh_td": 0, "vh_tp": 0, "credit": 5, "coefficient": 2.5, "volume_horaire": 0}], "credit_ue": "5.00", "coefficient_ue": "0.00", "semestre": "S6", "annee": "L3", "licence": 1, "specialite": 1, "description": "", "date_creation": "2026-04-23T02:03:36.864Z", "date_modification": "2026-04-23T02:03:36.864Z"}}, {"model": "academique.module", "pk": 411, "fields": {"nom": "UE : Langue et soft skills", "code": null, "matieres": [{"nom": "Français : rédaction professionnelle", "type": "cours", "vh_ci": 0, "vh_td": 0, "vh_tp": 0, "credit": 2, "coefficient": 1, "volume_horaire": 21}, {"nom": "Progiciels comptables et ERP", "type": "cours", "vh_ci": 0, "vh_td": 0, "vh_tp": 0, "credit": 3, "coefficient": 1.5, "volume_horaire": 21}], "credit_ue": "5.00", "coefficient_ue": "2.50", "semestre": "S6", "annee": "L3", "licence": 1, "specialite": 1, "description": "", "date_creation": "2026-04-23T02:05:00.534Z", "date_modification": "2026-04-23T02:05:00.534Z"}}, {"model": "academique.module", "pk": 412, "fields": {"nom": "UE : Droit et comptabilité", "code": null, "matieres": [{"nom": "Procédures collectives", "type": "cours_td", "vh_ci": 0, "vh_td": 21, "vh_tp": 0, "credit": 2, "coefficient": 1, "volume_horaire": 42}, {"nom": "Comptabilité sectorielle", "type": "cours", "vh_ci": 0, "vh_td": 0, "vh_tp": 0, "credit": 2, "coefficient": 1, "volume_horaire": 42}], "credit_ue": "4.00", "coefficient_ue": "2.00", "semestre": "S6", "annee": "L3", "licence": 1, "specialite": 1, "description": "", "date_creation": "2026-04-23T02:06:20.246Z", "date_modification": "2026-04-23T02:06:20.246Z"}}]
